datetime,gage
8/27/21 15:45,0.16
8/27/21 16:00,0.24
8/27/21 16:15,0.24
8/27/21 16:30,0.32
8/27/21 16:45,0.32
8/27/21 17:00,0.32
8/27/21 17:15,0.32
8/27/21 17:30,0.24
8/27/21 17:45,0.24
8/27/21 18:00,0.24
8/27/21 18:15,0.16
8/27/21 18:30,0.16
8/27/21 18:45,0.16
8/27/21 19:00,0.16
8/27/21 19:15,0.08
8/27/21 19:30,0.08
8/27/21 19:45,0.08
8/27/21 20:00,0.08
8/27/21 20:15,0.08
8/29/21 18:30,1.94
8/29/21 18:45,1.05
8/29/21 19:15,0.81
8/29/21 19:30,0.24
8/29/21 19:45,1.62
8/29/21 20:15,0.24
8/29/21 20:30,1.86
8/29/21 20:45,5.25
8/29/21 21:00,1.37
8/29/21 21:15,2.91
9/29/21 9:45,0.24
9/29/21 10:00,0.32
9/29/21 10:15,0.24
9/29/21 10:30,0.24
9/29/21 10:45,0.24
9/29/21 11:00,0.24
9/29/21 11:15,0.24
9/29/21 11:30,0.24
9/29/21 11:45,0.24
9/29/21 12:00,0.16
9/29/21 12:15,0.24
9/29/21 12:30,0.16
9/29/21 12:45,0.16
9/29/21 13:00,0.24
9/29/21 13:15,0.16
9/29/21 13:30,0.16
9/29/21 13:45,0.16
9/29/21 14:00,0.16
9/29/21 14:15,0.16
9/29/21 14:30,0.16
9/29/21 14:45,0.16
9/29/21 15:00,0.16
9/29/21 15:15,0.16
9/29/21 15:30,0.16
9/29/21 15:45,0.16
9/29/21 16:00,0.16
9/29/21 16:15,0.16
9/29/21 16:30,0.16
9/29/21 16:45,0.16
9/29/21 17:00,0.16
9/29/21 17:15,0.08
9/29/21 17:30,0.16
9/29/21 17:45,0.16
9/29/21 18:00,0.08
9/29/21 18:15,0.16
9/29/21 18:30,0.08
9/29/21 18:45,0.08
9/29/21 19:00,0.08
9/29/21 19:15,0.08
9/29/21 19:30,0.08
9/29/21 19:45,0.08
9/29/21 20:00,0.16
9/29/21 20:15,0.08
9/29/21 20:30,0.08
9/29/21 20:45,0.08
9/29/21 21:00,0.16
9/29/21 21:15,0.08
9/29/21 21:30,0.16
9/29/21 21:45,0.16
9/29/21 22:00,0.16
9/29/21 22:15,0.16
9/29/21 22:30,0.16
9/29/21 22:45,0.16
9/29/21 23:00,0.16
9/29/21 23:15,0.16
9/29/21 23:30,0.16
9/29/21 23:45,0.08
9/30/21 0:00,0.16
9/30/21 0:15,0.16
9/30/21 0:30,0.08
9/30/21 0:45,0.16
9/30/21 1:00,0.16
9/30/21 1:15,0.16
9/30/21 1:30,0.16
9/30/21 1:45,0.16
9/30/21 2:00,0.08
9/30/21 2:15,0.16
9/30/21 2:30,0.16
9/30/21 2:45,0.16
9/30/21 3:00,0.16
9/30/21 3:15,0.08
9/30/21 3:30,0.16
9/30/21 3:45,0.16
9/30/21 4:00,0.16
9/30/21 4:15,0.16
9/30/21 4:30,0.16
9/30/21 4:45,0.08
9/30/21 5:00,0.16
9/30/21 5:15,0.16
9/30/21 5:30,0.08
9/30/21 5:45,0.08
9/30/21 6:00,0.16
9/30/21 6:15,0.16
9/30/21 6:30,0.08
9/30/21 6:45,0.08
9/30/21 7:00,0.08
9/30/21 7:15,0.08
9/30/21 7:30,0.08
9/30/21 8:45,0.16
9/30/21 9:00,0.08
9/30/21 9:15,0.16
9/30/21 9:30,0.08
9/30/21 9:45,0.16
9/30/21 10:00,0.16
9/30/21 10:15,0.16
9/30/21 10:30,0.16
9/30/21 10:45,0.08
9/30/21 11:00,0.08
9/30/21 11:15,0.08
9/30/21 11:30,0.08
9/30/21 11:45,0.08
9/30/21 12:00,0.08
9/30/21 12:15,0.08
9/30/21 12:30,0.08
9/30/21 12:45,0.08
9/30/21 13:00,0.08
9/30/21 13:15,0.08
9/30/21 13:30,0.08
9/30/21 13:45,0.08
9/30/21 14:00,0.08
9/30/21 14:30,0.08
9/30/21 14:45,0.08
9/30/21 15:00,0.08
9/30/21 15:15,0.08
9/30/21 15:45,0.08
9/30/21 16:00,0.08
9/30/21 16:15,0.08
9/30/21 16:45,0.08
9/30/21 17:00,0.08
9/30/21 17:15,0.08
9/30/21 17:30,0.08
9/30/21 17:45,0.08
9/30/21 18:00,0.24
9/30/21 18:15,0.24
9/30/21 18:30,0.4
9/30/21 18:45,0.48
9/30/21 19:00,0.56
9/30/21 19:15,0.73
9/30/21 19:30,0.89
9/30/21 19:45,1.13
9/30/21 20:00,1.37
9/30/21 20:15,1.69
9/30/21 20:30,1.94
9/30/21 20:45,2.1
9/30/21 21:00,2.34
10/1/21 0:15,1.85
10/1/21 0:30,1.85
10/1/21 0:45,1.85
10/1/21 1:00,1.85
10/1/21 1:15,1.93
10/1/21 1:30,1.93
10/1/21 1:45,1.93
10/1/21 2:00,1.93
10/1/21 2:15,1.93
10/1/21 2:30,1.93
10/1/21 2:45,1.93
10/1/21 3:00,1.93
10/1/21 3:15,1.93
10/1/21 3:30,1.93
10/1/21 3:45,1.93
10/1/21 4:00,1.93
10/1/21 4:15,1.93
10/1/21 4:30,1.93
10/1/21 4:45,1.93
10/1/21 5:00,2.01
10/1/21 5:15,1.93
10/1/21 5:30,1.93
10/1/21 5:45,2.01
10/1/21 6:00,2.01
10/1/21 6:15,2.01
10/1/21 6:30,2.01
10/1/21 6:45,2.01
10/1/21 7:00,2.01
10/1/21 7:15,2.01
10/1/21 7:30,2.01
10/1/21 7:45,2.01
10/1/21 8:00,2.01
10/1/21 8:15,2.01
10/1/21 8:30,2.01
10/1/21 8:45,2.01
10/1/21 9:00,1.93
10/1/21 9:15,1.93
10/1/21 9:30,1.93
10/1/21 9:45,1.93
10/1/21 10:00,2.01
10/1/21 10:15,1.93
10/1/21 10:30,1.93
10/1/21 10:45,2.01
10/1/21 11:00,2.01
10/1/21 11:15,2.01
10/1/21 11:30,2.09
10/1/21 11:45,2.09
10/1/21 12:00,2.09
10/1/21 12:15,2.09
10/1/21 12:30,2.17
10/1/21 12:45,2.17
10/1/21 13:00,2.25
10/1/21 13:15,2.34
10/1/21 13:30,2.42
10/1/21 13:45,2.5
10/1/21 14:00,2.66
10/1/21 14:15,2.75
10/1/21 14:30,2.91
10/1/21 14:45,3.07
10/1/21 15:00,3.23
10/1/21 15:15,3.4
10/1/21 15:30,3.56
10/1/21 15:45,3.8
10/1/21 16:00,3.96
10/1/21 16:15,3.96
10/1/21 16:30,4.04
10/1/21 16:45,4.12
10/1/21 17:00,4.2
10/1/21 17:15,4.2
10/1/21 17:30,4.28
10/1/21 17:45,4.2
10/1/21 18:00,4.2
10/1/21 18:15,4.2
10/1/21 18:30,4.12
10/1/21 18:45,4.04
10/1/21 19:00,3.87
10/1/21 19:15,3.87
10/1/21 19:30,3.79
10/1/21 19:45,3.71
10/1/21 20:00,3.63
10/1/21 20:15,3.55
10/1/21 20:30,3.47
10/1/21 20:45,3.39
10/1/21 21:00,3.31
10/1/21 21:15,3.23
10/1/21 21:30,3.23
10/1/21 21:45,3.15
10/1/21 22:00,2.98
10/1/21 22:15,2.9
10/1/21 22:30,2.82
10/1/21 22:45,2.82
10/1/21 23:00,2.82
10/1/21 23:15,2.82
10/1/21 23:30,2.82
10/1/21 23:45,2.74
10/2/21 0:00,2.66
10/2/21 0:15,2.66
10/2/21 0:30,2.58
10/2/21 0:45,2.66
10/2/21 1:00,2.58
10/2/21 1:15,2.58
10/2/21 1:30,2.5
10/2/21 1:45,2.5
10/2/21 2:00,2.42
10/2/21 2:15,2.42
10/2/21 2:30,2.33
10/2/21 2:45,2.33
10/2/21 3:00,2.33
10/2/21 3:15,2.33
10/2/21 3:30,2.33
10/2/21 3:45,2.33
10/2/21 4:00,2.25
10/2/21 4:15,2.17
10/2/21 4:30,2.09
10/2/21 4:45,2.09
10/2/21 5:00,2.01
10/2/21 5:15,2.01
10/2/21 5:30,2.01
10/2/21 5:45,1.93
10/2/21 6:00,1.93
10/2/21 6:15,1.85
10/2/21 6:30,1.85
10/2/21 6:45,1.85
10/2/21 7:00,1.77
10/2/21 7:15,1.77
10/2/21 7:30,1.69
10/2/21 7:45,1.69
10/2/21 8:00,1.69
10/2/21 8:15,1.69
10/2/21 8:30,1.69
10/2/21 8:45,1.69
10/2/21 9:00,1.69
10/2/21 9:15,1.61
10/2/21 9:30,1.61
10/2/21 9:45,1.61
10/2/21 10:00,1.61
10/2/21 10:15,1.61
10/2/21 10:30,1.61
10/2/21 10:45,1.61
10/2/21 11:00,1.53
10/2/21 11:15,1.53
10/2/21 11:30,1.53
10/2/21 11:45,1.53
10/2/21 12:00,1.53
10/2/21 12:15,1.45
10/2/21 12:30,1.45
10/2/21 12:45,1.45
10/2/21 13:00,1.45
10/2/21 13:15,1.37
10/2/21 13:30,1.37
10/2/21 13:45,1.37
10/2/21 14:00,1.37
10/2/21 14:15,1.37
10/2/21 14:30,1.37
10/2/21 14:45,1.37
10/2/21 15:00,1.37
10/2/21 15:15,1.37
10/2/21 15:30,1.37
10/2/21 15:45,1.37
10/2/21 16:00,1.37
10/2/21 16:15,1.37
10/2/21 16:30,1.37
10/2/21 16:45,1.37
10/2/21 17:00,1.37
10/2/21 17:15,1.29
10/2/21 17:30,1.29
10/2/21 17:45,1.29
10/2/21 18:00,1.29
10/2/21 18:15,1.29
10/2/21 18:30,1.29
10/2/21 18:45,1.29
10/2/21 19:00,1.29
10/2/21 19:15,1.29
10/2/21 19:30,1.21
10/2/21 19:45,1.21
10/2/21 20:00,1.29
10/2/21 20:15,1.21
10/2/21 20:30,1.21
10/2/21 20:45,1.21
10/2/21 21:00,1.21
10/2/21 21:15,1.21
10/2/21 21:30,1.21
10/2/21 21:45,1.21
10/2/21 22:00,1.13
10/2/21 22:15,1.21
10/2/21 22:30,1.21
10/2/21 22:45,1.13
10/2/21 23:00,1.21
10/2/21 23:15,1.21
10/2/21 23:30,1.2
10/2/21 23:45,1.2
10/3/21 0:00,1.12
10/3/21 0:15,1.12
10/3/21 0:30,1.12
10/3/21 0:45,1.12
10/3/21 1:00,1.12
10/3/21 1:15,1.12
10/3/21 1:30,1.12
10/3/21 1:45,1.12
10/3/21 2:00,1.12
10/3/21 2:15,1.12
10/3/21 2:30,1.04
10/3/21 2:45,1.04
10/3/21 3:00,1.04
10/3/21 3:15,1.04
10/3/21 3:30,1.04
10/3/21 3:45,1.04
10/3/21 4:00,1.04
10/3/21 4:15,1.04
10/3/21 4:30,1.04
10/3/21 4:45,1.04
10/3/21 5:00,1.04
10/3/21 5:15,1.04
10/3/21 5:30,1.04
10/3/21 5:45,0.96
10/3/21 6:00,0.96
10/3/21 6:15,0.96
10/3/21 6:30,0.96
10/3/21 6:45,0.96
10/3/21 7:00,0.96
10/3/21 7:15,0.96
10/3/21 7:30,0.96
10/3/21 7:45,0.96
10/3/21 8:00,0.96
10/3/21 8:15,0.96
10/3/21 8:30,0.96
10/3/21 8:45,0.96
10/3/21 9:00,0.96
10/3/21 9:15,0.96
10/3/21 9:30,0.96
10/3/21 9:45,0.96
10/3/21 10:00,0.96
10/3/21 10:15,0.96
10/3/21 10:30,0.96
10/3/21 10:45,0.96
10/3/21 11:00,0.96
10/3/21 11:15,0.96
10/3/21 11:30,0.96
10/3/21 11:45,0.96
10/3/21 12:00,0.96
10/3/21 12:15,0.96
10/3/21 12:30,0.96
10/3/21 12:45,0.88
10/3/21 13:00,0.88
10/3/21 13:15,0.88
10/3/21 13:30,0.88
10/3/21 13:45,0.88
10/3/21 14:00,0.88
10/3/21 14:15,0.88
10/3/21 14:30,0.88
10/3/21 14:45,0.88
10/3/21 15:00,0.88
10/3/21 15:15,0.88
10/3/21 15:30,0.88
10/3/21 15:45,0.88
10/3/21 16:00,0.88
10/3/21 16:15,0.88
10/3/21 16:30,0.96
10/3/21 16:45,0.96
10/3/21 17:00,0.96
10/3/21 17:15,0.96
10/3/21 17:30,1.05
10/3/21 17:45,1.05
10/3/21 18:00,1.05
10/3/21 18:15,1.05
10/3/21 18:30,1.05
10/3/21 18:45,1.05
10/3/21 19:00,1.05
10/3/21 19:15,1.05
10/3/21 19:30,1.05
10/3/21 19:45,1.05
10/3/21 20:00,1.05
10/3/21 20:15,1.04
10/3/21 20:30,0.96
10/3/21 20:45,0.96
10/3/21 21:00,1.04
10/3/21 21:15,1.04
10/3/21 21:30,0.96
10/3/21 21:45,0.96
10/3/21 22:00,0.96
10/3/21 22:15,0.96
10/3/21 22:30,0.96
10/3/21 22:45,0.96
10/3/21 23:00,0.96
10/3/21 23:15,0.96
10/3/21 23:30,0.96
10/3/21 23:45,0.96
10/4/21 0:00,0.96
10/4/21 0:15,0.96
10/4/21 0:30,0.96
10/4/21 0:45,0.96
10/4/21 1:00,0.96
10/4/21 1:15,0.96
10/4/21 1:30,0.96
10/4/21 1:45,0.96
10/4/21 2:00,0.88
10/4/21 2:15,0.88
10/4/21 2:30,0.88
10/4/21 2:45,0.88
10/4/21 3:00,0.88
10/4/21 3:15,0.88
10/4/21 3:30,0.88
10/4/21 3:45,0.88
10/4/21 4:00,0.88
10/4/21 4:15,0.88
10/4/21 4:30,0.88
10/4/21 4:45,0.88
10/4/21 5:00,0.88
10/4/21 5:15,0.88
10/4/21 5:30,0.88
10/4/21 9:30,0.96
10/4/21 9:45,0.88
10/4/21 10:00,0.88
10/4/21 10:15,0.88
10/4/21 10:30,0.8
10/4/21 10:45,0.8
10/4/21 11:00,0.8
10/4/21 11:15,0.8
10/4/21 11:30,0.72
10/4/21 11:45,0.8
10/4/21 12:00,0.8
10/4/21 12:15,0.72
10/4/21 12:30,0.72
10/4/21 12:45,0.72
10/4/21 13:00,0.72
10/4/21 13:15,0.72
10/4/21 13:30,0.8
10/4/21 13:45,0.72
10/4/21 14:00,0.72
10/4/21 14:15,0.72
10/4/21 14:30,0.72
10/4/21 14:45,0.72
10/4/21 15:00,0.72
10/4/21 15:15,0.8
10/4/21 15:30,0.72
10/4/21 15:45,0.72
10/4/21 16:00,0.81
10/4/21 16:15,0.81
10/4/21 16:30,0.81
10/4/21 16:45,0.81
10/4/21 17:00,0.81
10/4/21 17:15,0.81
10/4/21 17:30,0.81
10/4/21 17:45,0.81
10/4/21 18:00,0.81
10/4/21 18:15,0.81
10/4/21 18:30,0.89
10/4/21 18:45,0.89
10/4/21 19:00,0.89
10/4/21 19:15,0.81
10/4/21 19:30,0.89
10/4/21 19:45,0.89
10/4/21 20:00,0.89
10/4/21 20:15,0.89
10/4/21 20:30,0.89
10/4/21 20:45,0.89
10/4/21 21:00,0.89
10/4/21 21:15,0.89
10/4/21 21:30,0.89
10/4/21 21:45,0.89
10/4/21 22:00,0.89
10/4/21 22:15,0.89
10/4/21 22:30,0.88
10/4/21 22:45,0.88
10/4/21 23:00,0.88
10/4/21 23:15,0.88
10/4/21 23:30,0.88
10/4/21 23:45,0.88
10/5/21 0:00,0.88
10/5/21 0:15,0.88
10/5/21 0:30,0.88
10/5/21 0:45,0.88
10/5/21 1:00,0.8
10/5/21 1:15,0.8
10/5/21 1:30,0.8
10/5/21 1:45,0.8
10/5/21 2:00,0.8
10/5/21 2:15,0.8
10/5/21 2:30,0.8
10/5/21 2:45,0.8
10/5/21 3:00,0.8
10/5/21 3:15,0.8
10/5/21 3:30,0.8
10/5/21 3:45,0.88
10/5/21 4:00,0.8
10/5/21 4:15,0.8
10/5/21 4:30,0.8
10/5/21 4:45,0.8
10/5/21 5:00,0.8
10/5/21 5:15,0.8
10/5/21 5:30,0.8
10/5/21 5:45,0.8
10/5/21 6:00,0.8
10/5/21 6:15,0.8
10/5/21 6:30,0.8
10/5/21 6:45,0.8
10/5/21 7:00,0.8
10/5/21 7:15,0.8
10/5/21 7:30,0.8
10/5/21 7:45,0.8
10/5/21 8:00,0.8
10/5/21 8:15,0.8
10/5/21 8:30,0.8
10/5/21 8:45,0.81
10/5/21 9:00,0.81
10/5/21 9:15,0.81
10/5/21 9:30,0.81
10/5/21 9:45,0.81
10/5/21 10:00,0.81
10/5/21 10:15,0.81
10/5/21 10:30,0.81
10/5/21 10:45,0.81
10/5/21 11:00,0.81
10/5/21 11:15,0.81
10/5/21 11:30,0.81
10/5/21 11:45,0.81
10/5/21 12:00,0.81
10/5/21 12:15,0.89
10/5/21 12:30,0.89
10/5/21 12:45,0.97
10/5/21 13:00,0.97
10/5/21 13:15,0.97
10/5/21 13:30,0.97
10/5/21 13:45,1.05
10/5/21 14:00,1.05
10/5/21 14:15,1.13
10/5/21 14:30,1.13
10/5/21 14:45,1.13
10/5/21 15:00,1.13
10/5/21 15:15,1.21
10/5/21 15:30,1.21
10/5/21 15:45,1.21
10/5/21 16:00,1.21
10/5/21 16:15,1.29
10/5/21 16:30,1.29
10/5/21 16:45,1.29
10/5/21 17:00,1.29
10/5/21 17:15,1.29
10/5/21 17:30,1.29
10/5/21 17:45,1.29
10/5/21 18:00,1.37
10/5/21 18:15,1.37
10/5/21 18:30,1.29
10/5/21 18:45,1.37
10/5/21 19:00,1.37
10/5/21 19:15,1.37
10/5/21 19:30,1.37
10/5/21 19:45,1.37
10/5/21 20:00,1.37
10/5/21 20:15,1.37
10/5/21 20:30,1.37
10/5/21 20:45,1.37
10/5/21 21:00,1.37
10/5/21 21:15,1.37
10/5/21 21:30,1.37
10/5/21 21:45,1.37
10/5/21 22:00,1.37
10/5/21 22:15,1.37
10/5/21 22:30,1.37
10/5/21 22:45,1.37
10/5/21 23:00,1.37
10/5/21 23:15,1.37
10/5/21 23:30,1.37
10/5/21 23:45,1.37
10/6/21 0:00,1.37
10/6/21 0:15,1.37
10/6/21 0:30,1.37
10/6/21 0:45,1.37
10/6/21 1:00,1.37
10/6/21 1:15,1.37
10/6/21 1:30,1.37
10/6/21 1:45,1.37
10/6/21 2:00,1.45
10/6/21 2:15,1.45
10/6/21 2:30,1.45
10/6/21 2:45,1.45
10/6/21 3:00,1.53
10/6/21 3:15,1.53
10/6/21 3:30,1.61
10/6/21 3:45,1.69
10/6/21 4:00,1.69
10/6/21 4:15,1.78
10/6/21 4:30,1.78
10/6/21 4:45,1.78
10/6/21 5:00,1.86
10/6/21 5:15,1.86
10/6/21 5:30,1.86
10/6/21 5:45,1.86
10/6/21 6:00,1.86
10/6/21 6:15,1.86
10/6/21 6:30,1.86
10/6/21 6:45,1.86
10/6/21 7:00,1.86
10/6/21 7:15,1.86
10/6/21 7:30,1.86
10/6/21 7:45,1.86
10/6/21 8:00,1.86
10/6/21 8:15,1.86
10/6/21 8:30,1.86
10/6/21 8:45,1.86
10/6/21 9:00,1.94
10/6/21 9:15,1.86
10/6/21 9:30,1.94
10/6/21 9:45,1.94
10/6/21 10:00,2.02
10/6/21 10:15,2.02
10/6/21 10:30,2.02
10/6/21 10:45,2.1
10/6/21 11:00,2.1
10/6/21 11:15,2.1
10/6/21 11:30,2.1
10/6/21 11:45,2.18
10/6/21 12:00,2.26
10/6/21 12:15,2.34
10/6/21 12:30,2.5
10/6/21 12:45,2.67
10/6/21 13:00,2.83
10/6/21 13:15,2.99
10/6/21 13:30,3.15
10/6/21 13:45,3.23
10/6/21 14:00,3.39
10/6/21 14:15,3.55
10/6/21 14:30,3.63
10/6/21 14:45,3.71
10/6/21 15:00,3.79
10/6/21 15:15,3.79
10/6/21 15:30,3.79
10/6/21 15:45,3.87
10/6/21 16:00,3.87
10/6/21 16:15,3.87
10/6/21 16:30,3.87
10/6/21 16:45,3.87
10/6/21 17:00,3.87
10/6/21 17:15,3.87
10/6/21 17:30,3.87
10/6/21 17:45,3.87
10/6/21 18:00,3.78
10/6/21 18:15,3.78
10/6/21 18:30,3.78
10/6/21 18:45,3.7
10/6/21 19:00,3.7
10/6/21 19:15,3.62
10/6/21 19:30,3.63
10/6/21 19:45,3.55
10/6/21 20:00,3.55
10/6/21 20:15,3.46
10/6/21 20:30,3.38
10/6/21 20:45,3.38
10/6/21 21:00,3.38
10/6/21 21:15,3.3
10/6/21 21:30,3.3
10/6/21 21:45,3.22
10/6/21 22:00,3.22
10/6/21 22:15,3.14
10/6/21 22:30,3.14
10/6/21 22:45,3.14
10/6/21 23:00,3.06
10/6/21 23:15,3.06
10/6/21 23:30,2.98
10/6/21 23:45,2.98
10/7/21 0:00,2.98
10/7/21 0:15,2.9
10/7/21 0:30,2.9
10/7/21 0:45,2.82
10/7/21 1:00,2.82
10/7/21 1:15,2.82
10/7/21 1:30,2.82
10/7/21 1:45,2.74
10/7/21 2:00,2.74
10/7/21 2:15,2.74
10/7/21 2:30,2.66
10/7/21 2:45,2.66
10/7/21 3:00,2.58
10/7/21 3:15,2.58
10/7/21 3:30,2.58
10/7/21 3:45,2.5
10/7/21 4:00,2.5
10/7/21 4:15,2.5
10/7/21 4:30,2.42
10/7/21 4:45,2.42
10/7/21 5:00,2.42
10/7/21 5:15,2.42
10/7/21 5:30,2.33
10/7/21 5:45,2.33
10/7/21 6:00,2.25
10/7/21 6:15,2.25
10/7/21 6:30,2.25
10/7/21 6:45,2.25
10/7/21 7:00,2.25
10/7/21 7:15,2.25
10/7/21 7:30,2.25
10/7/21 7:45,2.17
10/7/21 8:00,2.17
10/7/21 8:15,2.17
10/7/21 8:30,2.17
10/7/21 8:45,2.17
10/7/21 9:00,2.18
10/7/21 9:15,2.1
10/7/21 9:30,2.1
10/7/21 9:45,2.18
10/7/21 10:00,2.1
10/7/21 10:15,2.1
10/7/21 10:30,2.18
10/7/21 10:45,2.18
10/7/21 11:00,2.18
10/7/21 11:15,2.26
10/7/21 11:30,2.34
10/7/21 11:45,2.34
10/7/21 12:00,2.42
10/7/21 12:15,2.42
10/7/21 12:30,2.51
10/7/21 12:45,2.59
10/7/21 13:00,2.67
10/7/21 13:15,2.59
10/7/21 13:30,2.75
10/7/21 13:45,2.75
10/7/21 14:00,2.75
10/7/21 14:15,2.76
10/7/21 14:30,2.84
10/7/21 14:45,2.84
10/7/21 15:00,2.84
10/7/21 15:15,2.84
10/7/21 15:30,2.92
10/7/21 15:45,2.92
10/7/21 16:00,2.92
10/7/21 16:15,2.92
10/7/21 16:30,2.92
10/7/21 16:45,2.92
10/7/21 17:00,2.92
10/7/21 17:15,2.91
10/7/21 17:30,2.83
10/7/21 17:45,2.83
10/7/21 18:00,2.83
10/7/21 18:15,2.83
10/7/21 18:30,2.75
10/7/21 18:45,2.75
10/7/21 19:00,2.67
10/7/21 19:15,2.67
10/7/21 19:30,2.67
10/7/21 19:45,2.59
10/7/21 20:00,2.59
10/7/21 20:15,2.59
10/7/21 20:30,2.51
10/7/21 20:45,2.51
10/7/21 21:00,2.43
10/7/21 21:15,2.43
10/7/21 21:30,2.43
10/7/21 21:45,2.43
10/7/21 22:00,2.43
10/7/21 22:15,2.35
10/7/21 22:30,2.35
10/7/21 22:45,2.35
10/7/21 23:00,2.35
10/7/21 23:15,2.35
10/7/21 23:30,2.27
10/7/21 23:45,2.27
10/8/21 0:00,2.27
10/8/21 0:15,2.27
10/8/21 0:30,2.27
10/8/21 0:45,2.27
10/8/21 1:00,2.27
10/8/21 1:15,2.27
10/8/21 1:30,2.35
10/8/21 1:45,2.35
10/8/21 2:00,2.43
10/8/21 2:15,2.51
10/8/21 2:30,2.59
10/8/21 2:45,2.75
10/8/21 3:00,2.83
10/8/21 3:15,3
10/8/21 3:30,3.08
10/8/21 3:45,3.24
10/8/21 4:00,3.4
10/8/21 4:15,3.48
10/8/21 4:30,3.56
10/8/21 4:45,3.56
10/8/21 5:00,3.64
10/8/21 5:15,3.64
10/8/21 5:30,3.72
10/8/21 5:45,3.72
10/8/21 6:00,3.81
10/8/21 6:15,3.97
10/8/21 6:30,4.05
10/8/21 6:45,4.21
10/8/21 7:00,4.29
10/8/21 7:15,4.29
10/8/21 7:30,4.29
10/8/21 7:45,4.29
10/8/21 8:00,4.37
10/8/21 8:15,4.29
10/8/21 8:30,4.29
10/8/21 8:45,4.21
10/8/21 9:00,4.21
10/8/21 9:15,4.13
10/8/21 9:30,4.13
10/8/21 9:45,4.13
10/8/21 10:00,4.05
10/8/21 10:15,4.05
10/8/21 10:30,3.97
10/8/21 10:45,3.97
10/8/21 11:00,3.89
10/8/21 11:15,3.89
10/8/21 11:30,3.81
10/8/21 11:45,3.73
10/8/21 12:00,3.65
10/8/21 12:15,3.65
10/8/21 12:30,3.65
10/8/21 12:45,3.65
10/8/21 13:00,3.57
10/8/21 13:15,3.57
10/8/21 13:30,3.48
10/8/21 13:45,3.48
10/8/21 14:00,3.48
10/8/21 14:15,3.48
10/8/21 14:30,3.56
10/8/21 14:45,3.56
10/8/21 15:00,3.56
10/8/21 15:15,3.56
10/8/21 15:30,3.72
10/8/21 15:45,3.72
10/8/21 16:00,3.72
10/8/21 16:15,3.88
10/8/21 16:30,3.88
10/8/21 16:45,3.96
10/8/21 17:00,4.04
10/8/21 17:15,4.13
10/8/21 17:30,4.21
10/8/21 17:45,4.13
10/8/21 18:00,3.96
10/8/21 18:15,3.96
10/8/21 18:30,3.88
10/8/21 18:45,3.8
10/8/21 19:00,3.8
10/8/21 19:15,3.64
10/8/21 19:30,3.72
10/8/21 19:45,3.8
10/8/21 20:00,3.8
10/8/21 20:15,3.8
10/8/21 20:30,3.72
10/8/21 20:45,3.72
10/8/21 21:00,3.63
10/8/21 21:15,3.55
10/8/21 21:30,3.63
10/8/21 21:45,3.55
10/8/21 22:00,3.55
10/8/21 22:15,3.47
10/8/21 22:30,3.72
10/8/21 22:45,3.63
10/8/21 23:00,3.72
10/8/21 23:15,3.63
10/8/21 23:30,3.63
10/8/21 23:45,3.63
10/9/21 0:00,3.55
10/9/21 0:15,3.47
10/9/21 0:30,3.39
10/9/21 0:45,3.31
10/9/21 1:00,3.39
10/9/21 1:15,3.31
10/9/21 1:30,3.31
10/9/21 1:45,3.23
10/9/21 2:00,3.23
10/9/21 2:15,3.15
10/9/21 2:30,3.15
10/9/21 2:45,3.06
10/9/21 3:00,3.06
10/9/21 3:15,3.06
10/9/21 3:30,3.06
10/9/21 3:45,3.06
10/9/21 4:00,2.98
10/9/21 4:15,2.98
10/9/21 4:30,2.98
10/9/21 4:45,2.98
10/9/21 5:00,2.98
10/9/21 5:15,2.98
10/9/21 5:30,2.98
10/9/21 5:45,2.9
10/9/21 6:00,2.9
10/9/21 6:15,2.98
10/9/21 6:30,2.9
10/9/21 6:45,2.9
10/9/21 7:00,2.9
10/9/21 7:15,2.9
10/9/21 7:30,2.9
10/9/21 7:45,2.9
10/9/21 8:00,2.9
10/9/21 8:15,2.9
10/9/21 8:30,2.82
10/9/21 8:45,2.82
10/9/21 9:00,2.82
10/9/21 9:15,2.74
10/9/21 9:30,2.74
10/9/21 9:45,2.74
10/9/21 10:00,2.66
10/9/21 10:15,2.66
10/9/21 10:30,2.66
10/9/21 10:45,2.58
10/9/21 11:00,2.58
10/9/21 11:15,2.58
10/9/21 11:30,2.5
10/9/21 11:45,2.51
10/9/21 12:00,2.51
10/9/21 12:15,2.43
10/9/21 12:30,2.43
10/9/21 12:45,2.43
10/9/21 13:00,2.43
10/9/21 13:15,2.43
10/9/21 13:30,2.35
10/9/21 13:45,2.35
10/9/21 14:00,2.35
10/9/21 14:15,2.35
10/9/21 14:30,2.35
10/9/21 14:45,2.35
10/9/21 15:00,2.35
10/9/21 15:15,2.35
10/9/21 15:30,2.35
10/9/21 15:45,2.35
10/9/21 16:00,2.27
10/9/21 16:15,2.27
10/9/21 16:30,2.27
10/9/21 16:45,2.27
10/9/21 17:00,2.27
10/9/21 17:15,2.27
10/9/21 17:30,2.19
10/9/21 17:45,2.27
10/9/21 18:00,2.19
10/9/21 18:15,2.19
10/9/21 18:30,2.19
10/9/21 18:45,2.19
10/9/21 19:00,2.19
10/9/21 19:15,2.19
10/9/21 19:30,2.19
10/9/21 19:45,2.19
10/9/21 20:00,2.11
10/9/21 20:15,2.11
10/9/21 20:30,2.11
10/9/21 20:45,2.11
10/9/21 21:00,2.11
10/9/21 21:15,2.11
10/9/21 21:30,2.03
10/9/21 21:45,2.03
10/9/21 22:00,1.95
10/9/21 22:15,1.94
10/9/21 22:30,1.94
10/9/21 22:45,1.94
10/9/21 23:00,1.94
10/9/21 23:15,1.94
10/9/21 23:30,1.94
10/9/21 23:45,1.94
10/10/21 0:00,1.94
10/10/21 0:15,1.94
10/10/21 0:30,1.86
10/10/21 0:45,1.94
10/10/21 1:00,1.94
10/10/21 1:15,1.94
10/10/21 1:30,1.94
10/10/21 1:45,1.94
10/10/21 2:00,1.86
10/10/21 2:15,1.86
10/10/21 2:30,1.86
10/10/21 2:45,1.86
10/10/21 3:00,1.86
10/10/21 3:15,1.86
10/10/21 3:30,1.86
10/10/21 3:45,1.86
10/10/21 4:00,1.86
10/10/21 4:15,1.78
10/10/21 4:30,1.78
10/10/21 4:45,1.78
10/10/21 5:00,1.78
10/10/21 5:15,1.78
10/10/21 5:30,1.78
10/10/21 5:45,1.7
10/10/21 6:00,1.7
10/10/21 6:15,1.7
10/10/21 6:30,1.7
10/10/21 6:45,1.7
10/10/21 7:00,1.7
10/10/21 7:15,1.7
10/10/21 7:30,1.7
10/10/21 7:45,1.7
10/10/21 8:00,1.7
10/10/21 8:15,1.7
10/10/21 8:30,1.7
10/10/21 8:45,1.62
10/10/21 9:00,1.62
10/10/21 9:15,1.62
10/10/21 9:30,1.62
10/10/21 9:45,1.62
10/10/21 10:00,1.62
10/10/21 10:15,1.54
10/10/21 10:30,1.54
10/10/21 10:45,1.54
10/10/21 11:00,1.54
10/10/21 11:15,1.54
10/10/21 11:30,1.54
10/10/21 11:45,1.54
10/10/21 12:00,1.54
10/10/21 12:15,1.54
10/10/21 12:30,1.46
10/10/21 12:45,1.46
10/10/21 13:00,1.46
10/10/21 13:15,1.46
10/10/21 13:30,1.46
10/10/21 13:45,1.46
10/10/21 14:00,1.38
10/10/21 14:15,1.38
10/10/21 14:30,1.38
10/10/21 14:45,1.38
10/10/21 15:00,1.3
10/10/21 15:15,1.3
10/10/21 15:30,1.3
10/10/21 15:45,1.3
10/10/21 16:00,1.22
10/10/21 16:15,1.22
10/10/21 16:30,1.3
10/10/21 16:45,1.22
10/10/21 17:00,1.22
10/10/21 17:15,1.22
10/10/21 17:30,1.22
10/10/21 17:45,1.22
10/10/21 18:00,1.22
10/10/21 18:15,1.14
10/10/21 18:30,1.14
10/10/21 18:45,1.14
10/10/21 19:00,1.14
10/10/21 19:15,1.14
10/10/21 19:30,1.14
10/10/21 19:45,1.14
10/10/21 20:00,1.14
10/10/21 20:15,1.14
10/10/21 20:30,1.14
10/10/21 20:45,1.06
10/10/21 21:00,1.14
10/10/21 21:15,1.14
10/10/21 21:30,1.14
10/10/21 21:45,1.14
10/10/21 22:00,1.05
10/10/21 22:15,1.14
10/10/21 22:30,1.05
10/10/21 22:45,1.14
10/10/21 23:00,1.14
10/10/21 23:15,1.14
10/10/21 23:30,1.14
10/10/21 23:45,1.14
10/11/21 0:00,1.14
10/11/21 0:15,1.14
10/11/21 0:30,1.14
10/11/21 0:45,1.14
10/11/21 1:00,1.14
10/11/21 1:15,1.14
10/11/21 1:30,1.14
10/11/21 1:45,1.14
10/11/21 2:00,1.14
10/11/21 2:15,1.14
10/11/21 2:30,1.14
10/11/21 2:45,1.14
10/11/21 3:00,1.14
10/11/21 3:15,1.13
10/11/21 3:30,1.13
10/11/21 3:45,1.13
10/11/21 4:00,1.13
10/11/21 4:15,1.13
10/11/21 4:30,1.13
10/11/21 4:45,1.13
10/11/21 5:00,1.13
10/11/21 5:15,1.13
10/11/21 5:30,1.22
10/11/21 5:45,1.21
10/11/21 6:00,1.21
10/11/21 6:15,1.21
10/11/21 6:30,1.21
10/11/21 6:45,1.3
10/11/21 7:00,1.3
10/11/21 7:15,1.29
10/11/21 7:30,1.29
10/11/21 7:45,1.29
10/11/21 8:00,1.38
10/11/21 8:15,1.29
10/11/21 8:30,1.29
10/11/21 8:45,1.38
10/11/21 9:00,1.38
10/11/21 9:15,1.38
10/11/21 9:30,1.46
10/11/21 9:45,1.54
10/11/21 10:00,1.54
10/11/21 10:15,1.62
10/11/21 10:30,1.62
10/11/21 10:45,1.78
10/11/21 11:00,1.78
10/11/21 11:15,1.94
10/11/21 11:30,2.02
10/11/21 11:45,2.19
10/11/21 12:00,2.35
10/11/21 12:15,2.51
10/11/21 12:30,2.67
10/11/21 12:45,2.83
10/11/21 13:00,3.07
10/11/21 13:15,3.32
10/11/21 13:30,3.56
10/11/21 13:45,3.81
10/11/21 14:00,4.05
10/11/21 14:15,4.38
10/11/21 14:30,4.54
10/11/21 14:45,4.78
10/11/21 15:00,5.11
10/11/21 15:15,5.19
10/11/21 15:30,5.35
10/11/21 15:45,5.52
10/11/21 16:00,5.52
10/11/21 16:15,5.36
10/11/21 16:30,5.36
10/11/21 16:45,5.28
10/11/21 17:00,5.28
10/11/21 17:15,5.28
10/11/21 17:30,5.03
10/11/21 17:45,4.87
10/11/21 18:00,4.95
10/11/21 18:15,4.95
10/11/21 18:30,4.79
10/11/21 18:45,4.71
10/11/21 19:00,4.63
10/11/21 19:15,4.46
10/11/21 19:30,4.22
10/11/21 19:45,4.3
10/11/21 20:00,4.3
10/11/21 20:15,4.06
10/11/21 20:30,3.97
10/11/21 20:45,3.81
10/11/21 21:00,3.89
10/11/21 21:15,3.73
10/11/21 21:30,3.57
10/11/21 21:45,3.57
10/11/21 22:00,3.32
10/11/21 22:15,3.24
10/11/21 22:30,3.16
10/11/21 22:45,3.08
10/11/21 23:00,3
10/11/21 23:15,2.91
10/11/21 23:30,2.91
10/11/21 23:45,2.91
10/12/21 0:00,2.91
10/12/21 0:15,2.99
10/12/21 0:30,2.99
10/12/21 0:45,2.99
10/12/21 1:00,2.99
10/12/21 1:15,2.99
10/12/21 1:30,3.07
10/12/21 1:45,3.16
10/12/21 2:00,3.07
10/12/21 2:15,3.07
10/12/21 2:30,2.99
10/12/21 2:45,2.91
10/12/21 3:00,2.83
10/12/21 3:15,2.83
10/12/21 3:30,2.83
10/12/21 3:45,2.83
10/12/21 4:00,2.91
10/12/21 4:15,2.91
10/12/21 4:30,2.91
10/12/21 4:45,2.91
10/12/21 5:00,2.91
10/12/21 5:15,2.91
10/12/21 5:30,2.91
10/12/21 5:45,2.83
10/12/21 6:00,2.83
10/12/21 6:15,2.83
10/12/21 6:30,2.75
10/12/21 6:45,2.75
10/12/21 7:00,2.75
10/12/21 7:15,2.75
10/12/21 7:30,2.75
10/12/21 7:45,2.66
10/12/21 8:00,2.66
10/12/21 8:15,2.66
10/12/21 8:30,2.58
10/12/21 8:45,2.58
10/12/21 9:00,2.66
10/12/21 9:15,2.66
10/12/21 9:30,2.66
10/12/21 9:45,2.66
10/12/21 10:00,2.66
10/12/21 10:15,2.58
10/12/21 10:30,2.58
10/12/21 10:45,2.58
10/12/21 11:00,2.58
10/12/21 11:15,2.58
10/12/21 11:30,2.5
10/12/21 11:45,2.5
10/12/21 12:00,2.51
10/12/21 12:15,2.43
10/12/21 12:30,2.43
10/12/21 12:45,2.43
10/12/21 13:00,2.35
10/12/21 13:15,2.35
10/12/21 13:30,2.35
10/12/21 13:45,2.35
10/12/21 14:00,2.27
10/12/21 14:15,2.27
10/12/21 14:30,2.27
10/12/21 14:45,2.18
10/12/21 15:00,2.18
10/12/21 15:15,2.18
10/12/21 15:30,2.1
10/12/21 15:45,2.1
10/12/21 16:00,2.02
10/12/21 16:15,2.02
10/12/21 16:30,2.02
10/12/21 16:45,1.94
10/12/21 17:00,1.94
10/12/21 17:15,1.94
10/12/21 17:30,1.94
10/12/21 17:45,1.86
10/12/21 18:00,1.86
10/12/21 18:15,1.86
10/12/21 18:30,1.86
10/12/21 18:45,1.78
10/12/21 19:00,1.78
10/12/21 19:15,1.78
10/12/21 19:30,1.78
10/12/21 19:45,1.78
10/12/21 20:00,1.78
10/12/21 20:15,1.78
10/12/21 20:30,1.77
10/12/21 20:45,1.69
10/12/21 21:00,1.77
10/12/21 21:15,1.69
10/12/21 21:30,1.69
10/12/21 21:45,1.69
10/12/21 22:00,1.69
10/12/21 22:15,1.69
10/12/21 22:30,1.69
10/12/21 22:45,1.69
10/12/21 23:00,1.69
10/12/21 23:15,1.69
10/12/21 23:30,1.61
10/12/21 23:45,1.61
10/13/21 0:00,1.69
10/13/21 0:15,1.61
10/13/21 0:30,1.61
10/13/21 0:45,1.61
10/13/21 1:00,1.61
10/13/21 1:15,1.61
10/13/21 1:30,1.61
10/13/21 1:45,1.61
10/13/21 2:00,1.61
10/13/21 2:15,1.61
10/13/21 2:30,1.61
10/13/21 2:45,1.61
10/13/21 3:00,1.53
10/13/21 3:15,1.53
10/13/21 3:30,1.53
10/13/21 3:45,1.53
10/13/21 4:00,1.61
10/13/21 4:15,1.53
10/13/21 4:30,1.53
10/13/21 4:45,1.53
10/13/21 5:00,1.53
10/13/21 5:15,1.53
10/13/21 5:30,1.53
10/13/21 5:45,1.53
10/13/21 6:00,1.53
10/13/21 6:15,1.53
10/13/21 6:30,1.53
10/13/21 6:45,1.53
10/13/21 7:00,1.53
10/13/21 7:15,1.53
10/13/21 7:30,1.45
10/13/21 7:45,1.45
10/13/21 8:00,1.45
10/13/21 8:15,1.45
10/13/21 8:30,1.45
10/13/21 8:45,1.45
10/13/21 9:00,1.45
10/13/21 9:15,1.45
10/13/21 9:30,1.45
10/13/21 9:45,1.37
10/13/21 10:00,1.45
10/13/21 10:15,1.37
10/13/21 10:30,1.45
10/13/21 10:45,1.45
10/13/21 11:00,1.37
10/13/21 11:15,1.37
10/13/21 11:30,1.37
10/13/21 11:45,1.37
10/13/21 12:00,1.37
10/13/21 12:15,1.37
10/13/21 12:30,1.29
10/13/21 12:45,1.29
10/13/21 13:00,1.29
10/13/21 13:15,1.21
10/13/21 13:30,1.29
10/13/21 13:45,1.29
10/13/21 14:00,1.21
10/13/21 14:15,1.21
10/13/21 14:30,1.21
10/13/21 14:45,1.21
10/13/21 15:00,1.21
10/13/21 15:15,1.21
10/13/21 15:30,1.21
10/13/21 15:45,1.21
10/13/21 16:00,1.21
10/13/21 16:15,1.21
10/13/21 16:30,1.21
10/13/21 16:45,1.21
10/13/21 17:00,1.13
10/13/21 17:15,1.21
10/13/21 17:30,1.21
10/13/21 17:45,1.21
10/13/21 18:00,1.21
10/13/21 18:15,1.21
10/13/21 18:30,1.21
10/13/21 18:45,1.21
10/13/21 19:00,1.21
10/13/21 19:15,1.13
10/13/21 19:30,1.21
10/13/21 19:45,1.21
10/13/21 20:00,1.21
10/13/21 20:15,1.21
10/13/21 20:30,1.13
10/13/21 20:45,1.13
10/13/21 21:00,1.13
10/13/21 21:15,1.13
10/13/21 21:30,1.13
10/13/21 21:45,1.13
10/13/21 22:00,1.13
10/13/21 22:15,1.13
10/13/21 22:30,1.13
10/13/21 22:45,1.13
10/13/21 23:00,1.13
10/13/21 23:15,1.13
10/13/21 23:30,1.13
10/13/21 23:45,1.13
10/14/21 0:00,1.21
10/14/21 0:15,1.21
10/14/21 0:30,1.21
10/14/21 0:45,1.13
10/14/21 1:00,1.13
10/14/21 1:15,1.13
10/14/21 1:30,1.21
10/14/21 1:45,1.13
10/14/21 2:00,1.13
10/14/21 2:15,1.13
10/14/21 2:30,1.13
10/14/21 2:45,1.13
10/14/21 3:00,1.13
10/14/21 3:15,1.13
10/14/21 3:30,1.13
10/14/21 3:45,1.13
10/14/21 4:00,1.13
10/14/21 4:15,1.13
10/14/21 4:30,1.13
10/14/21 4:45,1.13
10/14/21 5:00,1.13
10/14/21 5:15,1.13
10/14/21 5:30,1.13
10/14/21 5:45,1.13
10/14/21 6:00,1.13
10/14/21 6:15,1.13
10/14/21 6:30,1.13
10/14/21 6:45,1.13
10/14/21 7:00,1.13
10/14/21 7:15,1.21
10/14/21 7:30,1.21
10/14/21 7:45,1.21
10/14/21 8:00,1.21
10/14/21 8:15,1.21
10/14/21 8:30,1.21
10/14/21 8:45,1.21
10/14/21 9:00,1.21
10/14/21 9:15,1.29
10/14/21 9:30,1.21
10/14/21 9:45,1.29
10/14/21 10:00,1.21
10/14/21 10:15,1.21
10/14/21 10:30,1.21
10/14/21 10:45,1.29
10/14/21 11:00,1.29
10/14/21 11:15,1.29
10/14/21 11:30,1.37
10/14/21 11:45,1.37
10/14/21 12:00,1.37
10/14/21 12:15,1.45
10/14/21 12:30,1.53
10/14/21 12:45,1.53
10/14/21 13:00,1.61
10/14/21 13:15,1.61
10/14/21 13:30,1.69
10/14/21 13:45,1.62
10/14/21 14:00,1.7
10/14/21 14:15,1.7
10/14/21 14:30,1.7
10/14/21 14:45,1.7
10/14/21 15:00,1.62
10/14/21 15:15,1.7
10/14/21 15:30,1.62
10/14/21 15:45,1.62
10/14/21 16:00,1.62
10/14/21 16:15,1.62
10/14/21 16:30,1.61
10/14/21 16:45,1.61
10/14/21 17:00,1.53
10/14/21 17:15,1.53
10/14/21 17:30,1.53
10/14/21 17:45,1.53
10/14/21 18:00,1.53
10/14/21 18:15,1.53
10/14/21 18:30,1.53
10/14/21 18:45,1.45
10/14/21 19:00,1.45
10/14/21 19:15,1.45
10/14/21 19:30,1.45
10/14/21 19:45,1.37
10/14/21 20:00,1.45
10/14/21 20:15,1.37
10/14/21 20:30,1.37
10/14/21 20:45,1.37
10/14/21 21:00,1.37
10/14/21 21:15,1.37
10/14/21 21:30,1.37
10/14/21 21:45,1.37
10/14/21 22:00,1.37
10/14/21 22:15,1.37
10/14/21 22:30,1.37
10/14/21 22:45,1.37
10/14/21 23:00,1.29
10/14/21 23:15,1.37
10/14/21 23:30,1.37
10/14/21 23:45,1.29
10/15/21 0:00,1.29
10/15/21 0:15,1.29
10/15/21 0:30,1.29
10/15/21 0:45,1.29
10/15/21 1:00,1.29
10/15/21 1:15,1.29
10/15/21 1:30,1.29
10/15/21 1:45,1.29
10/15/21 2:00,1.29
10/15/21 2:15,1.21
10/15/21 2:30,1.21
10/15/21 2:45,1.21
10/15/21 3:00,1.29
10/15/21 3:15,1.2
10/15/21 3:30,1.29
10/15/21 3:45,1.2
10/15/21 4:00,1.2
10/15/21 4:15,1.2
10/15/21 4:30,1.2
10/15/21 4:45,1.2
10/15/21 5:00,1.2
10/15/21 5:15,1.12
10/15/21 5:30,1.2
10/15/21 5:45,1.2
10/15/21 6:00,1.2
10/15/21 6:15,1.2
10/15/21 6:30,1.2
10/15/21 6:45,1.12
10/15/21 7:00,1.12
10/15/21 7:15,1.12
10/15/21 7:30,1.12
10/15/21 7:45,1.12
10/15/21 8:00,1.12
10/15/21 11:15,1.12
10/15/21 11:30,1.12
10/15/21 11:45,1.2
10/15/21 12:00,1.2
10/15/21 12:15,1.2
10/15/21 12:30,1.2
10/15/21 12:45,1.2
10/15/21 13:00,1.2
10/15/21 13:15,1.2
10/15/21 13:30,1.2
10/15/21 13:45,1.2
10/15/21 14:00,1.12
10/15/21 14:15,1.2
10/15/21 14:30,1.13
10/15/21 14:45,1.13
10/15/21 15:00,1.13
10/15/21 15:15,1.13
10/15/21 15:30,1.13
10/15/21 15:45,1.13
10/15/21 16:00,1.13
10/15/21 16:15,1.13
10/15/21 16:30,1.13
10/15/21 16:45,1.13
10/15/21 17:00,1.13
10/15/21 17:15,1.13
10/15/21 17:30,1.05
10/15/21 17:45,1.05
10/15/21 18:00,1.05
10/15/21 18:15,1.05
10/15/21 18:30,1.05
10/15/21 18:45,1.05
10/15/21 19:00,1.05
10/15/21 19:15,1.05
10/15/21 19:30,1.05
10/15/21 19:45,1.05
10/15/21 20:00,0.97
10/15/21 20:15,1.05
10/15/21 20:30,0.97
10/15/21 20:45,1.05
10/15/21 21:00,0.97
10/15/21 21:15,1.05
10/15/21 21:30,1.05
10/15/21 21:45,1.05
10/15/21 22:00,0.97
10/15/21 22:15,1.05
10/15/21 22:30,0.97
10/15/21 22:45,0.97
10/15/21 23:00,0.97
10/15/21 23:15,0.97
10/15/21 23:30,0.97
10/15/21 23:45,0.97
10/16/21 0:00,0.97
10/16/21 0:15,0.97
10/16/21 0:30,0.97
10/16/21 0:45,0.97
10/16/21 1:00,0.97
10/16/21 1:15,0.97
10/16/21 1:30,0.97
10/16/21 1:45,0.97
10/16/21 2:00,0.97
10/16/21 2:15,0.97
10/16/21 2:30,0.97
10/16/21 2:45,0.97
10/16/21 3:00,0.97
10/16/21 3:15,0.97
10/16/21 3:30,0.97
10/16/21 3:45,0.96
10/16/21 4:00,0.96
10/16/21 4:15,0.96
10/16/21 4:30,0.96
10/16/21 4:45,0.96
10/16/21 5:00,0.96
10/16/21 5:15,0.96
10/16/21 5:30,0.96
10/16/21 5:45,0.96
10/16/21 6:00,0.96
10/16/21 6:15,0.96
10/16/21 6:30,0.96
10/16/21 6:45,0.96
10/16/21 7:00,0.96
10/16/21 7:15,0.96
10/16/21 7:30,0.96
10/16/21 7:45,0.96
10/16/21 8:00,0.88
10/16/21 8:15,0.88
10/16/21 8:30,0.88
10/16/21 8:45,0.88
10/16/21 9:00,0.88
10/16/21 9:15,0.96
10/16/21 9:30,0.88
10/16/21 9:45,0.88
10/16/21 10:00,0.88
10/16/21 10:15,0.88
10/16/21 10:30,0.88
10/16/21 10:45,0.88
10/16/21 11:00,0.88
10/16/21 11:15,0.8
10/16/21 11:30,0.88
10/16/21 11:45,0.88
10/16/21 12:00,0.88
10/16/21 12:15,0.88
10/16/21 12:30,0.88
10/16/21 12:45,0.88
10/16/21 13:00,0.88
10/16/21 13:15,0.88
10/16/21 13:30,0.88
10/16/21 13:45,0.88
10/16/21 14:00,0.88
10/16/21 14:15,0.88
10/16/21 14:30,0.88
10/16/21 14:45,0.88
10/16/21 15:00,0.88
10/16/21 15:15,0.88
10/16/21 15:30,0.8
10/16/21 15:45,0.88
10/16/21 16:00,0.8
10/16/21 16:15,0.8
10/16/21 16:30,0.8
10/16/21 16:45,0.8
10/16/21 17:00,0.8
10/16/21 17:15,0.8
10/16/21 17:30,0.8
10/16/21 17:45,0.8
10/16/21 18:00,0.8
10/16/21 18:15,0.8
10/16/21 18:30,0.8
10/16/21 18:45,0.8
10/16/21 19:00,0.8
10/16/21 19:15,0.8
10/16/21 19:30,0.8
10/16/21 19:45,0.8
10/16/21 20:00,0.72
10/16/21 20:15,0.8
10/16/21 20:30,0.72
10/16/21 20:45,0.72
10/16/21 21:00,0.8
10/16/21 21:15,0.72
10/16/21 21:30,0.72
10/16/21 21:45,0.72
10/16/21 22:00,0.72
10/16/21 22:15,0.72
10/16/21 22:30,0.72
10/16/21 22:45,0.72
10/16/21 23:00,0.72
10/16/21 23:15,0.72
10/16/21 23:30,0.72
10/16/21 23:45,0.72
10/17/21 0:00,0.72
10/17/21 0:15,0.72
10/17/21 0:30,0.72
10/17/21 0:45,0.72
10/17/21 1:00,0.72
10/17/21 1:15,0.72
10/17/21 1:30,0.72
10/17/21 1:45,0.72
10/17/21 2:00,0.72
10/17/21 2:15,0.72
10/17/21 2:30,0.72
10/17/21 2:45,0.72
10/17/21 3:00,0.72
10/17/21 3:15,0.72
10/17/21 3:30,0.72
10/17/21 3:45,0.72
10/17/21 4:00,0.72
10/17/21 4:15,0.72
10/17/21 4:30,0.72
10/17/21 4:45,0.72
10/17/21 5:00,0.72
10/17/21 5:15,0.72
10/17/21 5:30,0.72
10/17/21 5:45,0.72
10/17/21 6:00,0.72
10/17/21 6:15,0.72
10/17/21 6:30,0.72
10/17/21 6:45,0.72
10/17/21 7:00,0.72
10/17/21 7:15,0.72
10/17/21 7:30,0.72
10/17/21 7:45,0.72
10/17/21 8:00,0.72
10/17/21 8:15,0.8
10/17/21 8:30,0.72
10/17/21 8:45,0.8
10/17/21 9:00,0.8
10/17/21 9:15,0.8
10/17/21 9:30,0.8
10/17/21 9:45,0.8
10/17/21 10:00,0.8
10/17/21 10:15,0.8
10/17/21 10:30,0.8
10/17/21 10:45,0.8
10/17/21 11:00,0.8
10/17/21 11:15,0.8
10/17/21 11:30,0.88
10/17/21 11:45,0.88
10/17/21 12:00,0.88
10/17/21 12:15,0.96
10/17/21 12:30,1.04
10/17/21 12:45,1.12
10/17/21 13:00,1.2
10/17/21 13:15,1.45
10/17/21 13:30,1.61
10/17/21 13:45,1.77
10/17/21 14:00,2.01
10/17/21 14:15,2.25
10/17/21 14:30,2.49
10/17/21 14:45,2.65
10/17/21 15:00,2.82
10/17/21 15:15,3.06
10/17/21 15:30,3.22
10/17/21 15:45,3.38
10/17/21 16:00,3.54
10/17/21 16:15,3.62
10/17/21 16:30,3.78
10/17/21 16:45,3.95
10/17/21 17:00,4.03
10/17/21 17:15,4.19
10/17/21 17:30,4.43
10/17/21 17:45,4.59
10/17/21 18:00,4.67
10/17/21 18:15,4.75
10/17/21 18:30,4.91
10/17/21 18:45,5.07
10/17/21 19:00,5.15
10/17/21 19:15,5.31
10/17/21 19:30,5.48
10/17/21 19:45,5.64
10/17/21 20:00,5.8
10/17/21 20:15,5.88
10/17/21 20:30,6.12
10/17/21 20:45,6.45
10/17/21 21:00,6.61
10/17/21 21:15,6.77
10/17/21 21:30,6.93
10/17/21 21:45,7.17
10/17/21 22:00,7.33
10/17/21 22:15,7.49
10/17/21 22:30,7.57
10/17/21 22:45,7.73
10/17/21 23:00,7.81
10/17/21 23:15,7.57
10/17/21 23:30,7.57
10/17/21 23:45,7.57
10/18/21 0:00,7.41
10/18/21 0:15,7.41
10/18/21 0:30,7.81
10/18/21 0:45,7.89
10/18/21 1:00,7.89
10/18/21 1:15,7.97
10/18/21 1:30,7.97
10/18/21 1:45,7.97
10/18/21 2:00,7.89
10/18/21 2:15,7.89
10/18/21 2:30,7.89
10/18/21 2:45,7.73
10/18/21 3:00,7.81
10/18/21 3:15,7.73
10/18/21 3:30,9.18
10/18/21 3:45,9.1
10/18/21 4:00,8.94
10/18/21 4:15,8.86
10/18/21 4:30,8.78
10/18/21 4:45,8.62
10/18/21 5:00,8.45
10/18/21 5:15,8.37
10/18/21 5:30,8.13
10/18/21 5:45,8.05
10/18/21 6:00,7.89
10/18/21 6:15,7.81
10/18/21 6:30,7.65
10/18/21 6:45,7.57
10/18/21 7:00,7.49
10/18/21 7:15,7.41
10/18/21 7:30,7.25
10/18/21 7:45,7.09
10/18/21 8:00,7
10/18/21 8:15,7
10/18/21 8:30,6.92
10/18/21 8:45,6.76
10/18/21 9:00,6.76
10/18/21 9:15,6.68
10/18/21 9:30,6.6
10/18/21 9:45,6.52
10/18/21 10:00,6.44
10/18/21 10:15,6.36
10/18/21 10:30,6.28
10/18/21 10:45,6.2
10/18/21 11:00,6.12
10/18/21 11:15,6.04
10/18/21 11:30,5.96
10/18/21 11:45,5.88
10/18/21 12:00,5.88
10/18/21 12:15,5.8
10/18/21 12:30,5.81
10/18/21 12:45,5.73
10/18/21 13:00,5.73
10/18/21 13:15,5.65
10/18/21 13:30,5.65
10/18/21 13:45,5.65
10/18/21 14:00,5.56
10/18/21 14:15,5.56
10/18/21 14:30,5.48
10/18/21 14:45,5.48
10/18/21 15:00,5.48
10/18/21 15:15,5.48
10/18/21 15:30,5.48
10/18/21 15:45,5.41
10/18/21 16:00,5.41
10/18/21 16:15,5.33
10/18/21 16:30,5.33
10/18/21 16:45,5.25
10/18/21 17:00,5.25
10/18/21 17:15,5.25
10/18/21 17:30,5.25
10/18/21 17:45,5.25
10/18/21 18:00,5.25
10/18/21 18:15,5.24
10/18/21 18:30,5.16
10/18/21 18:45,5.16
10/18/21 19:00,5.08
10/18/21 19:15,5.08
10/18/21 19:30,5.08
10/18/21 19:45,5
10/18/21 20:00,5
10/18/21 20:15,5
10/18/21 20:30,5
10/18/21 20:45,4.92
10/18/21 21:00,4.92
10/18/21 21:15,4.92
10/18/21 21:30,4.92
10/18/21 21:45,4.92
10/18/21 22:00,4.92
10/18/21 22:15,4.92
10/18/21 22:30,4.84
10/18/21 22:45,4.84
10/18/21 23:00,4.84
10/18/21 23:15,4.84
10/18/21 23:30,4.84
10/18/21 23:45,4.76
10/19/21 0:00,4.76
10/19/21 0:15,4.76
10/19/21 0:30,4.76
10/19/21 0:45,4.76
10/19/21 1:00,4.76
10/19/21 1:15,4.76
10/19/21 1:30,4.76
10/19/21 1:45,4.76
10/19/21 2:00,4.76
10/19/21 2:15,4.76
10/19/21 2:30,4.76
10/19/21 2:45,4.76
10/19/21 3:00,4.76
10/19/21 3:15,4.76
10/19/21 3:30,4.76
10/19/21 3:45,4.84
10/19/21 4:00,4.84
10/19/21 4:15,4.92
10/19/21 4:30,5
10/19/21 4:45,5.08
10/19/21 5:00,5.25
10/19/21 5:15,5.25
10/19/21 5:30,5.41
10/19/21 5:45,5.57
10/19/21 6:00,5.73
10/19/21 6:15,5.89
10/19/21 6:30,5.97
10/19/21 6:45,6.13
10/19/21 7:00,6.21
10/19/21 7:15,6.3
10/19/21 7:30,6.38
10/19/21 7:45,6.46
10/19/21 8:00,6.46
10/19/21 8:15,6.54
10/19/21 8:30,6.79
10/19/21 8:45,7.11
10/19/21 9:00,7.92
10/19/21 9:15,9.3
10/19/21 9:30,10.93
10/19/21 9:45,12.24
10/19/21 10:00,13.21
10/19/21 10:15,14.1
10/19/21 10:30,14.26
10/19/21 10:45,13.37
10/19/21 11:00,12.72
10/19/21 11:15,12.32
10/19/21 11:30,12.47
10/19/21 11:45,11.09
10/19/21 12:00,10.93
10/19/21 12:15,11.17
10/19/21 12:30,10.93
10/19/21 12:45,10.77
10/19/21 13:00,9.96
10/19/21 13:15,9.31
10/19/21 13:30,8.74
10/19/21 13:45,8.82
10/19/21 14:00,8.25
10/19/21 14:15,8.25
10/19/21 14:30,7.29
10/19/21 14:45,7.37
10/19/21 15:00,9.31
10/19/21 15:15,9.23
10/19/21 15:30,9.07
10/19/21 15:45,8.67
10/19/21 16:00,8.83
10/19/21 16:15,8.59
10/19/21 16:30,8.18
10/19/21 16:45,8.43
10/19/21 17:00,7.78
10/19/21 17:15,7.37
10/19/21 17:30,7.22
10/19/21 17:45,7.21
10/19/21 18:00,7.37
10/19/21 18:15,7.7
10/19/21 18:30,6.81
10/19/21 18:45,6.32
10/19/21 19:00,6.08
10/19/21 19:15,6.49
10/19/21 19:30,6.33
10/19/21 19:45,5.92
10/19/21 20:00,7.3
10/19/21 20:15,7.06
10/19/21 20:30,7.14
10/19/21 20:45,6.73
10/19/21 21:00,6.89
10/19/21 21:15,6.41
10/19/21 21:30,6.81
10/19/21 21:45,6.57
10/19/21 22:00,6.73
10/19/21 22:15,6.65
10/19/21 22:30,6.56
10/19/21 22:45,6.4
10/19/21 23:00,6.48
10/19/21 23:15,6.32
10/19/21 23:30,6.32
10/19/21 23:45,6.32
10/20/21 0:00,6.32
10/20/21 0:15,6.24
10/20/21 0:30,6.08
10/20/21 0:45,6.16
10/20/21 1:00,6.08
10/20/21 1:15,6
10/20/21 1:30,6
10/20/21 1:45,6
10/20/21 2:00,6
10/20/21 2:15,6
10/20/21 2:30,5.83
10/20/21 2:45,5.75
10/20/21 3:00,5.83
10/20/21 3:15,5.83
10/20/21 3:30,5.67
10/20/21 3:45,5.51
10/20/21 4:00,5.59
10/20/21 4:15,5.51
10/20/21 4:30,5.59
10/20/21 4:45,5.27
10/20/21 5:00,5.51
10/20/21 5:15,5.35
10/20/21 5:30,5.27
10/20/21 5:45,5.35
10/20/21 6:00,5.35
10/20/21 6:15,5.11
10/20/21 6:30,4.94
10/20/21 6:45,4.94
10/20/21 7:00,4.78
10/20/21 7:15,4.7
10/20/21 7:30,4.78
10/20/21 7:45,4.62
10/20/21 8:00,4.62
10/20/21 8:15,4.53
10/20/21 8:30,4.37
10/20/21 8:45,4.37
10/20/21 9:00,4.62
10/20/21 9:15,4.46
10/20/21 9:30,4.46
10/20/21 9:45,4.46
10/20/21 10:00,4.46
10/20/21 10:15,4.46
10/20/21 10:30,4.38
10/20/21 10:45,4.29
10/20/21 11:00,4.38
10/20/21 11:15,4.3
10/20/21 11:30,4.38
10/20/21 11:45,4.38
10/20/21 12:00,4.14
10/20/21 12:15,3.9
10/20/21 12:30,4.14
10/20/21 12:45,3.98
10/20/21 13:00,3.81
10/20/21 13:15,3.57
10/20/21 13:30,3.66
10/20/21 13:45,3.66
10/20/21 14:00,3.9
10/20/21 14:15,3.66
10/20/21 14:30,3.57
10/20/21 14:45,3.49
10/20/21 15:00,3.57
10/20/21 15:15,4.06
10/20/21 15:30,4.31
10/20/21 15:45,4.14
10/20/21 16:00,3.98
10/20/21 16:15,4.55
10/20/21 16:30,4.47
10/20/21 16:45,4.14
10/20/21 17:00,3.98
10/20/21 17:15,3.9
10/20/21 17:30,3.9
10/20/21 17:45,3.73
10/20/21 18:00,3.65
10/20/21 18:15,3.49
10/20/21 18:30,3.41
10/20/21 18:45,3.41
10/20/21 19:00,3.25
10/20/21 19:15,3.17
10/20/21 19:30,3
10/20/21 19:45,3.16
10/20/21 20:00,3.24
10/20/21 20:15,3.24
10/20/21 20:30,3.16
10/20/21 20:45,3.08
10/20/21 21:00,3.08
10/20/21 21:15,3
10/20/21 21:30,3.08
10/20/21 21:45,3.32
10/20/21 22:00,3.24
10/20/21 22:15,3.24
10/20/21 22:30,3.64
10/20/21 22:45,3.64
10/20/21 23:00,3.72
10/20/21 23:15,3.72
10/20/21 23:30,3.96
10/20/21 23:45,5.17
10/21/21 0:00,5.08
10/21/21 3:15,5.17
10/21/21 3:30,5.17
10/21/21 3:45,5.17
10/21/21 4:00,5.17
10/21/21 4:15,5.17
10/21/21 4:30,5.17
10/21/21 4:45,5.17
10/21/21 5:00,5.17
10/21/21 5:15,5.17
10/21/21 5:30,5.09
10/21/21 5:45,5.09
10/21/21 6:00,5.01
10/21/21 6:15,5.01
10/21/21 6:30,5.01
10/21/21 6:45,4.93
10/21/21 7:00,5.17
10/21/21 7:15,5.17
10/21/21 7:30,5.09
10/21/21 7:45,5.25
10/21/21 8:00,5.41
10/21/21 8:15,5.25
10/21/21 8:30,5.41
10/21/21 8:45,5.65
10/21/21 9:00,5.57
10/21/21 9:15,5.49
10/21/21 9:30,5.57
10/21/21 9:45,5.57
10/21/21 10:00,5.58
10/21/21 10:15,5.5
10/21/21 10:30,5.5
10/21/21 10:45,5.5
10/21/21 11:00,5.58
10/21/21 11:15,5.58
10/21/21 11:30,5.58
10/21/21 11:45,5.66
10/21/21 12:00,5.75
10/21/21 12:15,5.83
10/21/21 12:30,5.75
10/21/21 12:45,5.67
10/21/21 13:00,5.83
10/21/21 13:15,5.67
10/21/21 13:30,5.75
10/21/21 13:45,5.76
10/21/21 14:00,6.08
10/21/21 14:15,6.24
10/21/21 14:30,6.33
10/21/21 14:45,6.57
10/21/21 15:00,6.66
10/21/21 15:15,6.66
10/21/21 15:30,6.74
10/21/21 15:45,6.74
10/21/21 16:00,6.9
10/21/21 16:15,6.99
10/21/21 16:30,7.15
10/21/21 16:45,6.99
10/21/21 17:00,6.99
10/21/21 17:15,6.98
10/21/21 17:30,6.9
10/21/21 17:45,6.66
10/21/21 18:00,6.66
10/21/21 18:15,6.57
10/21/21 18:30,6.49
10/21/21 18:45,6.41
10/21/21 19:00,6.41
10/21/21 19:15,6.24
10/21/21 19:30,6
10/21/21 19:45,6.08
10/21/21 20:00,5.84
10/21/21 20:15,5.84
10/21/21 20:30,5.68
10/21/21 20:45,5.67
10/21/21 21:00,5.67
10/21/21 21:15,5.59
10/21/21 21:30,5.43
10/21/21 21:45,5.51
10/21/21 22:00,5.43
10/21/21 22:15,6.24
10/21/21 22:30,6.24
10/21/21 22:45,6.16
10/21/21 23:00,6
10/21/21 23:15,5.83
10/21/21 23:30,5.75
10/21/21 23:45,5.83
10/22/21 0:00,5.75
10/22/21 0:15,5.67
10/22/21 0:30,5.67
10/22/21 0:45,5.59
10/22/21 1:00,5.51
10/22/21 1:15,5.43
10/22/21 1:30,5.43
10/22/21 1:45,5.43
10/22/21 2:00,5.43
10/22/21 2:15,5.34
10/22/21 2:30,5.34
10/22/21 2:45,5.34
10/22/21 3:00,5.26
10/22/21 3:15,5.26
10/22/21 3:30,5.34
10/22/21 3:45,5.26
10/22/21 4:00,5.26
10/22/21 4:15,5.26
10/22/21 4:30,5.26
10/22/21 4:45,5.26
10/22/21 5:00,5.26
10/22/21 5:15,5.26
10/22/21 5:30,5.26
10/22/21 5:45,5.18
10/22/21 6:00,5.18
10/22/21 6:15,5.18
10/22/21 6:30,5.1
10/22/21 6:45,5.1
10/22/21 7:00,5.1
10/22/21 7:15,5.1
10/22/21 7:30,5.02
10/22/21 7:45,5.02
10/22/21 8:00,5.02
10/22/21 8:15,5.02
10/22/21 8:30,5.02
10/22/21 8:45,5.02
10/22/21 9:00,4.94
10/22/21 9:15,4.94
10/22/21 9:30,4.94
10/22/21 9:45,4.86
10/22/21 10:00,4.94
10/22/21 10:15,4.94
10/22/21 10:30,4.94
10/22/21 10:45,4.94
10/22/21 11:00,5.02
10/22/21 11:15,5.02
10/22/21 11:30,5.02
10/22/21 11:45,5.1
10/22/21 12:00,5.18
10/22/21 12:15,5.18
10/22/21 12:30,5.26
10/22/21 12:45,5.26
10/22/21 13:00,5.34
10/22/21 13:15,5.43
10/22/21 13:30,5.35
10/22/21 13:45,5.35
10/22/21 14:00,5.43
10/22/21 14:15,5.35
10/22/21 14:30,5.35
10/22/21 14:45,5.43
10/22/21 15:00,5.43
10/22/21 15:15,5.35
10/22/21 15:30,5.35
10/22/21 15:45,5.35
10/22/21 16:00,5.35
10/22/21 16:15,5.35
10/22/21 16:30,5.27
10/22/21 16:45,5.27
10/22/21 17:00,5.27
10/22/21 17:15,5.27
10/22/21 17:30,5.19
10/22/21 17:45,5.19
10/22/21 18:00,5.19
10/22/21 18:15,5.11
10/22/21 18:30,5.19
10/22/21 18:45,5.19
10/22/21 19:00,5.11
10/22/21 19:15,5.11
10/22/21 19:30,5.11
10/22/21 19:45,5.11
10/22/21 20:00,5.11
10/22/21 20:15,5.11
10/22/21 20:30,5.11
10/22/21 20:45,5.11
10/22/21 21:00,5.11
10/22/21 21:15,5.19
10/22/21 21:30,5.19
10/22/21 21:45,5.19
10/22/21 22:00,5.19
10/22/21 22:15,5.28
10/22/21 22:30,5.36
10/22/21 22:45,5.36
10/22/21 23:00,5.44
10/22/21 23:15,5.52
10/22/21 23:30,5.6
10/22/21 23:45,5.6
10/23/21 0:00,5.68
10/23/21 0:15,5.76
10/23/21 0:30,5.93
10/23/21 0:45,6.09
10/23/21 1:00,6.17
10/23/21 1:15,6.26
10/23/21 1:30,6.17
10/23/21 1:45,6.26
10/23/21 2:00,6.26
10/23/21 2:15,6.34
10/23/21 2:30,6.59
10/23/21 2:45,7.07
10/23/21 3:00,7.24
10/23/21 3:15,7.15
10/23/21 3:30,6.74
10/23/21 3:45,7.39
10/23/21 4:00,6.99
10/23/21 4:15,6.82
10/23/21 4:30,6.74
10/23/21 4:45,6.49
10/23/21 5:00,6.25
10/23/21 5:15,5.93
10/23/21 5:30,5.6
10/23/21 5:45,5.6
10/23/21 6:00,5.44
10/23/21 6:15,5.36
10/23/21 6:30,5.28
10/23/21 6:45,5.19
10/23/21 7:00,5.03
10/23/21 7:15,4.87
10/23/21 7:30,4.95
10/23/21 7:45,4.79
10/23/21 8:00,4.62
10/23/21 8:15,4.54
10/23/21 8:30,4.54
10/23/21 8:45,4.79
10/23/21 9:00,4.79
10/23/21 9:15,4.7
10/23/21 9:30,4.54
10/23/21 9:45,4.54
10/23/21 10:00,4.54
10/23/21 10:15,4.46
10/23/21 10:30,4.46
10/23/21 10:45,4.46
10/23/21 11:00,4.46
10/23/21 11:15,4.46
10/23/21 11:30,4.46
10/23/21 11:45,4.55
10/23/21 12:00,4.47
10/23/21 12:15,4.47
10/23/21 12:30,4.31
10/23/21 12:45,4.55
10/23/21 13:00,4.39
10/23/21 13:15,4.47
10/23/21 13:30,4.39
10/23/21 13:45,4.56
10/23/21 14:00,4.56
10/23/21 14:15,4.64
10/23/21 14:30,4.56
10/23/21 14:45,4.39
10/23/21 15:00,4.64
10/23/21 15:15,4.56
10/23/21 15:30,4.64
10/23/21 15:45,4.32
10/23/21 16:00,4.4
10/23/21 16:15,4.64
10/23/21 16:30,5.13
10/23/21 16:45,5.37
10/23/21 17:00,5.21
10/23/21 17:15,5.13
10/23/21 17:30,5.05
10/23/21 17:45,4.89
10/23/21 18:00,4.8
10/23/21 18:15,4.8
10/23/21 18:30,4.56
10/23/21 18:45,4.48
10/23/21 19:00,4.39
10/23/21 19:15,4.31
10/23/21 19:30,4.47
10/23/21 19:45,4.39
10/23/21 20:00,4.15
10/23/21 20:15,4.07
10/23/21 20:30,4.07
10/23/21 20:45,3.74
10/23/21 21:00,4.07
10/23/21 21:15,4.14
10/23/21 21:30,3.9
10/23/21 21:45,4.22
10/23/21 22:00,4.06
10/23/21 22:15,4.06
10/23/21 22:30,6.34
10/23/21 22:45,6.5
10/23/21 23:00,6.5
10/23/21 23:15,6.66
10/23/21 23:30,6.82
10/23/21 23:45,6.99
10/24/21 0:00,7.15
10/24/21 0:15,7.07
10/24/21 0:30,6.99
10/24/21 0:45,6.82
10/24/21 1:00,6.82
10/24/21 1:15,6.74
10/24/21 1:30,6.66
10/24/21 1:45,6.58
10/24/21 2:00,6.57
10/24/21 2:15,6.49
10/24/21 2:30,6.49
10/24/21 2:45,6.17
10/24/21 3:00,6.25
10/24/21 3:15,6.25
10/24/21 3:30,6.25
10/24/21 3:45,6.25
10/24/21 4:00,6.09
10/24/21 4:15,6.09
10/24/21 4:30,6.17
10/24/21 4:45,6.09
10/24/21 5:00,6.09
10/24/21 5:15,6.01
10/24/21 5:30,6.01
10/24/21 5:45,6.01
10/24/21 6:00,5.93
10/24/21 6:15,5.84
10/24/21 6:30,5.76
10/24/21 6:45,5.84
10/24/21 7:00,5.68
10/24/21 7:15,5.52
10/24/21 7:30,5.6
10/24/21 7:45,5.6
10/24/21 8:00,5.6
10/24/21 8:15,5.68
10/24/21 8:30,5.6
10/24/21 8:45,5.36
10/24/21 9:00,5.44
10/24/21 9:15,5.28
10/24/21 9:30,5.28
10/24/21 9:45,5.28
10/24/21 10:00,5.11
10/24/21 10:15,5.11
10/24/21 10:30,5.11
10/24/21 10:45,5.12
10/24/21 11:00,5.04
10/24/21 11:15,4.96
10/24/21 11:30,4.87
10/24/21 11:45,4.87
10/24/21 12:00,4.88
10/24/21 12:15,4.96
10/24/21 12:30,4.8
10/24/21 12:45,4.72
10/24/21 13:00,4.56
10/24/21 13:15,4.48
10/24/21 13:30,4.4
10/24/21 13:45,4.72
10/24/21 14:00,5.05
10/24/21 14:15,5.05
10/24/21 14:30,5.05
10/24/21 14:45,5.05
10/24/21 15:00,4.97
10/24/21 15:15,4.97
10/24/21 15:30,4.97
10/24/21 15:45,4.89
10/24/21 16:00,4.89
10/24/21 16:15,4.8
10/24/21 16:30,4.8
10/24/21 16:45,4.8
10/24/21 17:00,4.72
10/24/21 17:15,4.8
10/24/21 17:30,4.72
10/24/21 17:45,4.64
10/24/21 18:00,4.72
10/24/21 18:15,4.64
10/24/21 18:30,4.63
10/24/21 18:45,4.63
10/24/21 19:00,4.63
10/24/21 19:15,4.55
10/24/21 19:30,4.47
10/24/21 19:45,4.47
10/24/21 20:00,4.47
10/24/21 20:15,4.47
10/24/21 20:30,4.39
10/24/21 20:45,4.31
10/24/21 21:00,4.39
10/24/21 21:15,4.39
10/24/21 21:30,4.39
10/24/21 21:45,4.39
10/24/21 22:00,4.38
10/24/21 22:15,4.3
10/24/21 22:30,4.3
10/24/21 22:45,4.3
10/24/21 23:00,4.3
10/24/21 23:15,4.3
10/24/21 23:30,4.22
10/24/21 23:45,4.21
10/25/21 0:00,4.21
10/25/21 0:15,4.13
10/25/21 0:30,4.21
10/25/21 0:45,4.22
10/25/21 1:00,4.14
10/25/21 1:15,4.22
10/25/21 1:30,4.14
10/25/21 1:45,4.14
10/25/21 2:00,4.06
10/25/21 2:15,4.05
10/25/21 2:30,3.97
10/25/21 2:45,3.97
10/25/21 3:00,3.97
10/25/21 3:15,3.89
10/25/21 3:30,3.97
10/25/21 3:45,4.05
10/25/21 4:00,4.05
10/25/21 4:15,4.05
10/25/21 4:30,4.05
10/25/21 4:45,4.05
10/25/21 5:00,4.05
10/25/21 5:15,4.05
10/25/21 5:30,4.05
10/25/21 5:45,4.05
10/25/21 6:00,4.05
10/25/21 6:15,4.05
10/25/21 6:30,3.96
10/25/21 6:45,3.96
10/25/21 7:00,3.96
10/25/21 7:15,3.88
10/25/21 7:30,3.88
10/25/21 7:45,3.88
10/25/21 8:00,3.8
10/25/21 8:15,3.8
10/25/21 8:30,3.8
10/25/21 8:45,3.8
10/25/21 9:00,3.8
10/25/21 9:15,3.72
10/25/21 9:30,3.72
10/25/21 10:45,4.61
10/25/21 11:00,4.61
10/25/21 11:15,4.53
10/25/21 11:30,4.53
10/25/21 11:45,4.53
10/25/21 12:00,4.45
10/25/21 12:15,4.45
10/25/21 12:30,4.45
10/25/21 12:45,4.46
10/25/21 13:00,4.46
10/25/21 13:15,4.46
10/25/21 13:30,4.46
10/25/21 13:45,0.41
10/25/21 14:00,4.38
10/25/21 14:15,4.46
10/25/21 14:30,4.38
10/25/21 14:45,4.38
10/25/21 15:00,4.3
10/25/21 15:15,4.3
10/25/21 15:30,4.3
10/25/21 15:45,4.3
10/25/21 16:00,4.3
10/25/21 16:15,4.3
10/25/21 16:30,4.3
10/25/21 16:45,4.3
10/25/21 17:00,4.3
10/25/21 17:15,4.22
10/25/21 17:30,4.22
10/25/21 17:45,4.22
10/25/21 18:00,4.21
10/25/21 18:15,4.21
10/25/21 18:30,4.21
10/25/21 18:45,4.21
10/25/21 19:00,4.21
10/25/21 19:15,4.21
10/25/21 19:30,4.21
10/25/21 19:45,4.21
10/25/21 20:00,4.21
10/25/21 20:15,4.21
10/25/21 20:30,4.13
10/25/21 20:45,4.13
10/25/21 21:00,4.13
10/25/21 21:15,4.13
10/25/21 21:30,4.13
10/25/21 21:45,4.13
10/25/21 22:00,4.13
10/25/21 22:15,4.13
10/25/21 22:30,4.13
10/25/21 22:45,4.13
10/25/21 23:00,4.13
10/25/21 23:15,4.13
10/25/21 23:30,4.13
10/25/21 23:45,4.05
10/26/21 0:00,4.12
10/26/21 0:15,4.12
10/26/21 0:30,4.04
10/26/21 0:45,4.04
10/26/21 1:00,4.04
10/26/21 1:15,4.04
10/26/21 1:30,4.04
10/26/21 1:45,4.04
10/26/21 2:00,4.04
10/26/21 2:15,4.04
10/26/21 2:30,4.04
10/26/21 2:45,3.96
10/26/21 3:00,4.04
10/26/21 3:15,3.95
10/26/21 3:30,3.95
10/26/21 3:45,3.95
10/26/21 4:00,3.95
10/26/21 4:15,3.95
10/26/21 4:30,3.95
10/26/21 4:45,3.95
10/26/21 5:00,3.95
10/26/21 5:15,3.95
10/26/21 5:30,3.95
10/26/21 5:45,3.95
10/26/21 6:00,3.95
10/26/21 6:15,3.95
10/26/21 6:30,3.95
10/26/21 6:45,3.87
10/26/21 7:00,3.95
10/26/21 7:15,3.95
10/26/21 7:30,3.95
10/26/21 7:45,3.95
10/26/21 8:00,3.95
10/26/21 8:15,3.95
10/26/21 8:30,3.87
10/26/21 8:45,3.87
10/26/21 9:00,3.87
10/26/21 9:15,3.87
10/26/21 9:30,3.87
10/26/21 9:45,3.87
10/26/21 10:00,3.79
10/26/21 10:15,3.79
10/26/21 10:30,3.79
10/26/21 10:45,3.79
10/26/21 11:00,3.79
10/26/21 11:15,3.79
10/26/21 11:30,3.8
10/26/21 11:45,3.8
10/26/21 12:00,3.8
10/26/21 12:15,3.72
10/26/21 12:30,3.72
10/26/21 12:45,3.72
10/26/21 13:00,3.72
10/26/21 13:15,3.72
10/26/21 13:30,3.72
10/26/21 13:45,3.72
10/26/21 14:00,3.72
10/26/21 14:15,3.72
10/26/21 14:30,3.64
10/26/21 14:45,3.72
10/26/21 15:00,3.72
10/26/21 15:15,3.72
10/26/21 15:30,3.64
10/26/21 15:45,3.64
10/26/21 16:00,3.64
10/26/21 16:15,3.64
10/26/21 16:30,3.64
10/26/21 16:45,3.64
10/26/21 17:00,3.64
10/26/21 17:15,3.64
10/26/21 17:30,3.64
10/26/21 17:45,3.63
10/26/21 18:00,3.63
10/26/21 18:15,3.55
10/26/21 18:30,3.55
10/26/21 18:45,3.63
10/26/21 19:00,3.55
10/26/21 19:15,3.55
10/26/21 19:30,3.55
10/26/21 19:45,3.55
10/26/21 20:00,3.47
10/26/21 20:15,3.47
10/26/21 20:30,3.47
10/26/21 20:45,3.47
10/26/21 21:00,3.47
10/26/21 21:15,3.47
10/26/21 21:30,3.47
10/26/21 21:45,3.47
10/26/21 22:00,3.47
10/26/21 22:15,3.38
10/26/21 22:30,3.38
10/26/21 22:45,3.46
10/26/21 23:00,3.38
10/26/21 23:15,3.38
10/26/21 23:30,3.3
10/26/21 23:45,3.38
10/27/21 0:00,3.3
10/27/21 0:15,3.3
10/27/21 0:30,3.3
10/27/21 0:45,3.3
10/27/21 1:00,3.22
10/27/21 1:15,3.22
10/27/21 1:30,3.22
10/27/21 1:45,3.22
10/27/21 2:00,3.22
10/27/21 2:15,3.14
10/27/21 2:30,3.14
10/27/21 2:45,3.14
10/27/21 3:00,3.14
10/27/21 3:15,3.13
10/27/21 3:30,3.13
10/27/21 3:45,3.13
10/27/21 4:00,3.13
10/27/21 4:15,3.13
10/27/21 4:30,3.13
10/27/21 4:45,3.13
10/27/21 5:00,3.13
10/27/21 5:15,3.05
10/27/21 5:30,3.05
10/27/21 5:45,3.13
10/27/21 6:00,3.05
10/27/21 6:15,3.05
10/27/21 6:30,3.05
10/27/21 6:45,3.05
10/27/21 7:00,3.05
10/27/21 7:15,3.05
10/27/21 7:30,3.05
10/27/21 7:45,3.05
10/27/21 8:00,3.13
10/27/21 8:15,3.05
10/27/21 8:30,3.04
10/27/21 8:45,3.04
10/27/21 9:00,3.04
10/27/21 9:15,3.04
10/27/21 9:30,3.04
10/27/21 9:45,3.04
10/27/21 10:00,3.04
10/27/21 10:15,3.04
10/27/21 10:30,3.04
10/27/21 10:45,3.04
10/27/21 11:00,3.05
10/27/21 11:15,3.05
10/27/21 11:30,3.05
10/27/21 11:45,3.05
10/27/21 12:00,3.13
10/27/21 12:15,3.13
10/27/21 12:30,3.13
10/27/21 12:45,3.13
10/27/21 13:00,3.13
10/27/21 13:15,3.13
10/27/21 13:30,3.13
10/27/21 13:45,3.13
10/27/21 14:00,3.13
10/27/21 14:15,3.13
10/27/21 14:30,3.13
10/27/21 14:45,3.05
10/27/21 15:00,3.05
10/27/21 15:15,3.05
10/27/21 15:30,3.05
10/27/21 15:45,3.05
10/27/21 16:00,3.05
10/27/21 16:15,3.05
10/27/21 16:30,3.05
10/27/21 16:45,3.05
10/27/21 17:00,3.05
10/27/21 17:15,3.05
10/27/21 17:30,3.05
10/27/21 17:45,3.04
10/27/21 18:00,3.04
10/27/21 18:15,3.04
10/27/21 18:30,3.04
10/27/21 18:45,3.04
10/27/21 19:00,3.04
10/27/21 19:15,2.96
10/27/21 19:30,2.96
10/28/21 13:30,2.64
10/28/21 13:45,2.56
10/28/21 14:00,2.64
10/28/21 14:15,2.64
10/28/21 14:30,2.64
10/28/21 14:45,2.64
10/28/21 15:00,2.64
10/28/21 15:15,2.56
10/28/21 15:30,2.56
10/28/21 15:45,2.56
10/28/21 16:00,2.56
10/28/21 16:15,2.56
10/28/21 16:30,2.56
10/28/21 16:45,2.56
10/28/21 17:00,2.56
10/28/21 17:15,2.57
10/28/21 17:30,2.57
10/28/21 17:45,2.57
10/28/21 18:00,2.56
10/28/21 18:15,2.56
10/28/21 18:30,2.56
10/28/21 18:45,2.56
10/28/21 19:00,2.56
10/28/21 19:15,2.56
10/28/21 19:30,2.56
10/28/21 19:45,2.56
10/28/21 20:00,2.56
10/28/21 20:15,2.56
10/28/21 20:30,2.56
10/28/21 20:45,2.56
10/29/21 15:30,2.4
10/29/21 15:45,2.48
10/29/21 16:00,2.48
10/29/21 16:15,2.48
10/29/21 16:30,2.4
10/29/21 16:45,2.4
10/29/21 17:00,2.4
10/29/21 17:15,2.4
10/29/21 17:30,2.4
10/29/21 17:45,2.4
10/29/21 18:00,2.4
10/29/21 18:15,2.4
10/29/21 18:30,2.4
10/29/21 18:45,2.4
10/29/21 19:00,2.4
10/29/21 19:15,2.4
10/29/21 19:30,2.4
10/29/21 19:45,2.4
10/29/21 20:00,2.4
10/29/21 20:15,2.4
10/29/21 20:30,2.4
10/29/21 20:45,2.32
10/29/21 21:00,2.32
10/29/21 21:15,2.32
10/29/21 21:30,2.32
10/30/21 16:15,7.13
10/30/21 16:30,7.21
10/30/21 16:45,7.21
10/30/21 17:00,7.22
10/30/21 17:30,7.3
10/30/21 18:00,7.22
10/30/21 18:15,7.46
10/30/21 18:30,7.06
10/30/21 18:45,7.06
10/30/21 19:00,6.98
10/30/21 19:15,6.98
10/30/21 19:30,6.9
10/30/21 19:45,6.9
10/30/21 20:00,6.98
10/30/21 20:15,6.82
10/30/21 20:30,6.74
10/30/21 20:45,6.9
10/30/21 21:00,6.82
10/30/21 21:15,6.9
10/30/21 21:30,7.06
10/30/21 21:45,6.98
10/30/21 22:00,6.74
10/30/21 22:15,6.98
10/30/21 22:30,6.9
10/30/21 22:45,6.9
10/30/21 23:00,6.9
10/30/21 23:15,6.98
10/30/21 23:30,6.98
10/30/21 23:45,7.06
10/31/21 0:00,6.98
10/31/21 0:15,7.06
10/31/21 0:30,7.14
10/31/21 0:45,7.06
10/31/21 1:00,7.22
10/31/21 1:15,7.3
10/31/21 1:30,7.46
10/31/21 1:45,7.46
10/31/21 2:00,7.54
10/31/21 2:15,7.38
10/31/21 2:30,7.46
10/31/21 2:45,7.38
10/31/21 3:00,7.3
10/31/21 3:15,7.14
10/31/21 3:30,7.14
10/31/21 3:45,6.99
10/31/21 4:00,6.91
10/31/21 4:15,6.99
10/31/21 4:30,7.07
10/31/21 4:45,7.15
10/31/21 5:00,7.15
10/31/21 5:15,7.15
10/31/21 5:30,7.15
10/31/21 5:45,7.23
10/31/21 6:00,7.15
10/31/21 6:15,7.3
10/31/21 6:30,7.31
10/31/21 6:45,7.31
10/31/21 7:00,7.23
10/31/21 7:15,7.23
10/31/21 7:30,7.39
10/31/21 7:45,7.39
10/31/21 8:00,7.39
10/31/21 8:15,7.31
10/31/21 8:30,7.31
10/31/21 8:45,7.31
10/31/21 9:00,7.23
10/31/21 9:15,7.23
10/31/21 9:30,7.31
10/31/21 9:45,7.23
10/31/21 10:00,7.15
10/31/21 10:15,7.23
10/31/21 10:30,7.15
10/31/21 10:45,6.99
10/31/21 11:00,6.99
10/31/21 11:15,7.07
10/31/21 11:30,7.07
10/31/21 11:45,7.15
10/31/21 12:00,7.23
10/31/21 12:15,7.07
10/31/21 12:30,7.07
10/31/21 12:45,7.07
10/31/21 13:00,6.99
10/31/21 13:15,6.99
10/31/21 13:30,6.99
10/31/21 13:45,6.91
10/31/21 14:00,6.74
10/31/21 16:15,6.25
10/31/21 16:30,6.17
10/31/21 16:45,6.09
10/31/21 17:00,6.17
10/31/21 17:15,6.17
10/31/21 17:30,6.17
10/31/21 17:45,6.09
10/31/21 18:00,6.17
10/31/21 18:15,6.09
10/31/21 18:30,6.17
10/31/21 18:45,6.34
10/31/21 19:00,6.34
10/31/21 19:15,6.42
10/31/21 19:30,6.66
10/31/21 19:45,6.74
10/31/21 20:00,6.9
10/31/21 20:15,6.98
10/31/21 20:30,6.98
10/31/21 20:45,6.98
10/31/21 21:00,7.06
10/31/21 21:15,7.06
10/31/21 21:30,7.06
10/31/21 21:45,7.15
10/31/21 22:00,7.15
10/31/21 22:15,7.15
10/31/21 22:30,7.23
10/31/21 22:45,7.15
10/31/21 23:00,7.15
10/31/21 23:15,7.23
10/31/21 23:30,7.23
10/31/21 23:45,7.31
11/1/21 0:00,7.31
11/1/21 0:15,7.32
11/1/21 0:30,7.4
11/1/21 0:45,7.32
11/1/21 1:00,7.31
11/1/21 1:15,7.23
11/1/21 1:30,7.23
11/1/21 1:45,7.39
11/1/21 2:00,7.39
11/1/21 2:15,7.39
11/1/21 2:30,7.31
11/1/21 2:45,7.4
11/1/21 3:00,7.23
11/1/21 3:15,7.23
11/1/21 3:30,7.15
11/1/21 3:45,7.07
11/1/21 4:00,6.99
11/1/21 4:15,6.99
11/1/21 4:30,6.91
11/1/21 4:45,6.91
11/1/21 5:00,6.91
11/1/21 5:15,6.91
11/1/21 5:30,6.91
11/1/21 5:45,6.83
11/1/21 6:00,6.83
11/1/21 6:15,6.83
11/1/21 6:30,6.75
11/1/21 6:45,6.59
11/1/21 7:00,6.58
11/1/21 7:15,6.42
11/1/21 7:30,6.34
11/1/21 7:45,6.26
11/1/21 8:00,6.09
11/1/21 8:15,6.01
11/1/21 8:30,6.01
11/1/21 8:45,6.01
11/1/21 9:00,6.01
11/1/21 9:15,5.85
11/1/21 9:30,5.85
11/1/21 9:45,5.85
11/1/21 10:00,5.77
11/1/21 10:15,5.77
11/1/21 10:30,5.77
11/1/21 10:45,5.69
11/1/21 11:00,5.69
11/1/21 11:15,5.69
11/1/21 11:30,5.61
11/1/21 11:45,5.61
11/1/21 12:00,5.61
11/1/21 12:15,5.61
11/1/21 12:30,5.61
11/1/21 12:45,5.61
11/1/21 13:00,5.53
11/1/21 13:15,5.53
11/1/21 13:30,5.53
11/1/21 13:45,5.53
11/1/21 14:00,5.45
11/1/21 14:15,5.53
11/1/21 14:30,5.53
11/1/21 14:45,5.45
11/1/21 15:00,5.45
11/1/21 15:15,5.45
11/1/21 15:30,5.37
11/1/21 15:45,5.37
11/1/21 16:00,5.37
11/1/21 16:15,5.29
11/1/21 16:30,5.29
11/1/21 16:45,5.37
11/1/21 17:00,5.29
11/1/21 17:15,5.21
11/1/21 17:30,5.29
11/1/21 17:45,5.3
11/1/21 18:00,5.21
11/1/21 18:15,5.3
11/1/21 18:30,5.3
11/1/21 18:45,5.3
11/1/21 19:00,5.29
11/1/21 19:15,5.3
11/1/21 19:30,5.22
11/1/21 19:45,5.22
11/1/21 20:00,5.3
11/1/21 20:15,5.3
11/1/21 20:30,5.3
11/1/21 20:45,5.22
11/1/21 21:00,5.22
11/1/21 21:15,5.22
11/1/21 21:30,5.22
11/1/21 21:45,5.22
11/1/21 22:00,5.14
11/1/21 22:15,5.14
11/1/21 22:30,5.14
11/1/21 22:45,5.14
11/1/21 23:00,5.14
11/1/21 23:15,5.06
11/1/21 23:30,5.06
11/1/21 23:45,4.98
11/2/21 0:00,4.98
11/2/21 0:15,4.98
11/2/21 0:30,4.98
11/2/21 0:45,4.9
11/2/21 1:00,4.9
11/2/21 1:15,4.9
11/2/21 1:30,4.98
11/2/21 1:45,4.98
11/2/21 2:00,4.98
11/2/21 2:15,4.98
11/2/21 2:30,4.98
11/2/21 2:45,4.98
11/2/21 3:00,5.06
11/2/21 3:15,4.98
11/2/21 3:30,4.98
11/2/21 3:45,5.06
11/2/21 4:00,5.06
11/2/21 4:15,5.14
11/2/21 4:30,5.23
11/2/21 4:45,5.31
11/2/21 5:00,5.39
11/2/21 5:15,5.47
11/2/21 5:30,5.47
11/2/21 5:45,5.55
11/2/21 6:00,5.55
11/2/21 6:15,5.63
11/2/21 6:30,5.62
11/2/21 6:45,5.63
11/2/21 7:00,5.46
11/2/21 7:15,5.62
11/2/21 7:30,5.46
11/2/21 7:45,5.38
11/2/21 8:00,5.54
11/2/21 8:15,5.38
11/2/21 8:30,5.38
11/2/21 8:45,5.38
11/2/21 9:00,5.3
11/2/21 9:15,5.31
11/2/21 9:30,5.39
11/2/21 9:45,5.31
11/2/21 10:00,5.39
11/2/21 10:15,5.39
11/2/21 10:30,5.31
11/2/21 10:45,5.31
11/2/21 11:00,5.31
11/2/21 11:15,5.31
11/2/21 11:30,5.47
11/2/21 11:45,5.55
11/2/21 12:00,5.63
11/2/21 12:15,5.71
11/2/21 12:30,5.8
11/2/21 12:45,5.96
11/2/21 13:00,6.04
11/2/21 13:15,6.2
11/2/21 13:30,6.28
11/2/21 13:45,6.28
11/2/21 14:00,6.36
11/2/21 14:15,6.36
11/2/21 14:30,6.36
11/2/21 14:45,6.36
11/2/21 15:00,6.6
11/2/21 15:15,6.6
11/2/21 15:30,6.6
11/2/21 15:45,6.52
11/2/21 16:00,6.44
11/2/21 16:15,6.36
11/2/21 16:30,6.28
11/2/21 16:45,6.28
11/2/21 17:00,6.2
11/2/21 17:15,6.28
11/2/21 17:30,6.36
11/2/21 17:45,6.36
11/2/21 18:00,6.36
11/2/21 18:15,6.28
11/2/21 18:30,6.28
11/2/21 18:45,6.12
11/2/21 19:00,6.04
11/2/21 19:15,6.04
11/2/21 19:30,5.88
11/2/21 19:45,6.04
11/2/21 20:00,5.96
11/2/21 20:15,5.96
11/2/21 20:30,5.96
11/2/21 20:45,5.88
11/2/21 21:00,5.96
11/2/21 21:15,6.04
11/2/21 21:30,5.96
11/2/21 21:45,6.04
11/2/21 22:00,6.04
11/2/21 22:15,6.12
11/2/21 22:30,6.28
11/2/21 22:45,6.2
11/2/21 23:00,6.2
11/2/21 23:15,6.12
11/2/21 23:30,6.2
11/2/21 23:45,6.2
11/3/21 0:00,6.28
11/3/21 0:15,6.2
11/3/21 0:30,6.2
11/3/21 0:45,6.12
11/3/21 1:00,6.2
11/3/21 1:15,6.12
11/3/21 1:30,6.12
11/3/21 1:45,6.12
11/3/21 2:00,6.12
11/3/21 2:15,6.12
11/3/21 2:30,6.12
11/3/21 2:45,6.28
11/3/21 3:00,6.28
11/3/21 3:15,6.28
11/3/21 3:30,6.28
11/3/21 3:45,6.28
11/3/21 4:00,6.28
11/3/21 4:15,6.36
11/3/21 4:30,6.36
11/3/21 4:45,6.36
11/3/21 5:00,6.2
11/3/21 5:15,6.2
11/3/21 5:30,6.12
11/3/21 5:45,6.12
11/3/21 6:00,6.2
11/3/21 6:15,6.12
11/3/21 6:30,6.04
11/3/21 6:45,6.12
11/3/21 7:00,6.2
11/3/21 7:15,6.04
11/3/21 7:30,6.04
11/3/21 7:45,5.96
11/3/21 8:00,5.96
11/3/21 8:15,5.96
11/3/21 8:30,6.04
11/3/21 8:45,5.96
11/3/21 9:00,5.88
11/3/21 9:15,5.88
11/3/21 9:30,5.88
11/3/21 9:45,5.88
11/3/21 10:00,5.88
11/3/21 10:15,5.88
11/3/21 10:30,5.88
11/3/21 10:45,5.8
11/3/21 11:00,5.8
11/3/21 11:15,5.8
11/3/21 11:30,5.8
11/3/21 11:45,5.88
11/3/21 12:00,5.8
11/3/21 12:15,5.73
11/3/21 12:30,5.73
11/3/21 12:45,5.73
11/3/21 13:00,5.73
11/3/21 13:15,5.73
11/3/21 13:30,5.65
11/3/21 13:45,5.73
11/3/21 14:00,5.73
11/3/21 14:15,5.81
11/3/21 14:30,5.81
11/3/21 14:45,5.81
11/3/21 15:00,5.81
11/3/21 15:15,5.81
11/3/21 15:30,5.81
11/3/21 15:45,5.81
11/3/21 16:00,5.89
11/3/21 16:15,5.89
11/3/21 16:30,5.89
11/3/21 16:45,5.97
11/3/21 17:00,5.97
11/3/21 17:15,5.89
11/3/21 17:30,5.89
11/3/21 17:45,5.81
11/3/21 18:00,5.89
11/3/21 18:15,5.89
11/3/21 18:30,5.89
11/3/21 18:45,5.89
11/3/21 19:00,5.89
11/3/21 19:15,5.89
11/3/21 19:30,5.89
11/3/21 19:45,5.97
11/3/21 20:00,5.97
11/3/21 20:15,5.97
11/3/21 20:30,5.97
11/3/21 20:45,6.05
11/3/21 21:00,6.04
11/3/21 21:15,6.12
11/3/21 21:30,6.12
11/3/21 21:45,6.2
11/3/21 22:00,6.2
11/3/21 22:15,6.2
11/3/21 22:30,6.28
11/3/21 22:45,6.28
11/3/21 23:00,6.28
11/3/21 23:15,6.28
11/3/21 23:30,6.28
11/3/21 23:45,6.28
11/4/21 0:00,6.19
11/4/21 0:15,6.19
11/4/21 0:30,6.19
11/4/21 0:45,6.11
11/4/21 1:00,6.11
11/4/21 4:15,5.78
11/4/21 4:30,5.78
11/4/21 4:45,5.78
11/4/21 5:00,5.78
11/4/21 5:15,5.7
11/4/21 5:30,5.7
11/4/21 5:45,5.71
11/4/21 6:00,5.71
11/4/21 6:15,5.63
11/4/21 6:30,5.62
11/4/21 6:45,5.62
11/4/21 7:00,5.54
11/4/21 7:15,5.54
11/4/21 7:30,5.54
11/4/21 7:45,5.55
11/4/21 8:00,5.54
11/4/21 8:15,5.54
11/4/21 8:30,5.46
11/4/21 8:45,5.46
11/4/21 9:00,5.45
11/4/21 9:15,5.45
11/4/21 9:30,5.45
11/4/21 9:45,5.45
11/4/21 10:00,5.45
11/4/21 10:15,5.37
11/4/21 10:30,5.45
11/4/21 10:45,5.45
11/4/21 11:00,5.45
11/4/21 11:15,5.53
11/4/21 11:30,5.53
11/4/21 11:45,5.45
11/4/21 12:00,5.45
11/4/21 12:15,5.54
11/4/21 12:30,5.62
11/4/21 12:45,5.62
11/4/21 13:00,5.7
11/4/21 13:15,5.7
11/4/21 13:30,5.7
11/4/21 13:45,5.78
11/4/21 14:00,5.86
11/4/21 14:15,5.94
11/4/21 14:30,6.02
11/4/21 14:45,6.1
11/4/21 15:00,6.27
11/4/21 15:15,6.35
11/4/21 15:30,6.43
11/4/21 15:45,6.51
11/4/21 16:00,6.59
11/4/21 16:15,6.67
11/4/21 16:30,6.75
11/4/21 16:45,6.83
11/4/21 17:00,6.83
11/4/21 17:15,6.83
11/4/21 17:30,6.91
11/4/21 17:45,6.83
11/4/21 18:00,6.83
11/4/21 18:15,6.83
11/4/21 18:30,6.83
11/4/21 18:45,6.83
11/4/21 19:00,6.75
11/4/21 19:15,6.75
11/4/21 19:30,6.75
11/4/21 19:45,6.75
11/4/21 20:00,6.67
11/4/21 20:15,6.67
11/4/21 20:30,6.59
11/4/21 20:45,6.59
11/4/21 21:00,6.51
11/4/21 21:15,6.51
11/4/21 21:30,6.51
11/4/21 21:45,6.43
11/4/21 22:00,6.43
11/4/21 22:15,6.35
11/4/21 22:30,6.35
11/4/21 22:45,6.35
11/4/21 23:00,6.35
11/4/21 23:15,6.27
11/4/21 23:30,6.27
11/4/21 23:45,6.27
11/5/21 0:00,6.19
11/5/21 0:15,6.19
11/5/21 0:30,6.11
11/5/21 0:45,6.11
11/5/21 1:00,6.11
11/5/21 1:15,6.11
11/5/21 1:30,6.03
11/5/21 1:45,6.03
11/5/21 2:00,5.95
11/5/21 2:15,5.94
11/5/21 2:30,5.86
11/5/21 2:45,5.86
11/5/21 3:00,5.86
11/5/21 3:15,5.86
11/5/21 3:30,5.78
11/5/21 3:45,5.78
11/5/21 4:00,5.78
11/5/21 4:15,5.78
11/5/21 4:30,5.7
11/5/21 4:45,5.7
11/5/21 5:00,5.7
11/5/21 5:15,5.7
11/5/21 5:30,5.62
11/5/21 5:45,5.7
11/5/21 6:00,5.62
11/5/21 6:15,5.62
11/5/21 6:30,5.62
11/5/21 6:45,5.62
11/5/21 7:00,5.54
11/5/21 7:15,5.54
11/5/21 7:30,5.54
11/5/21 7:45,5.46
11/5/21 8:00,5.46
11/5/21 8:15,5.46
11/5/21 8:30,5.38
11/5/21 8:45,5.38
11/5/21 9:00,5.38
11/5/21 9:15,5.38
11/5/21 9:30,5.38
11/5/21 9:45,5.38
11/5/21 10:00,5.38
11/5/21 10:15,5.3
11/5/21 10:30,5.3
11/5/21 10:45,5.3
11/5/21 11:00,5.3
11/5/21 11:15,5.3
11/5/21 11:30,5.22
11/5/21 11:45,5.23
11/5/21 12:00,5.23
11/5/21 12:15,5.23
11/5/21 12:30,5.23
11/5/21 12:45,5.23
11/5/21 13:00,5.15
11/5/21 13:15,5.15
11/5/21 13:30,5.15
11/5/21 13:45,5.07
11/5/21 14:00,5.07
11/5/21 14:15,5.07
11/5/21 14:30,5.07
11/5/21 14:45,5.07
11/5/21 15:00,5.07
11/5/21 15:15,4.99
11/5/21 15:30,4.99
11/5/21 15:45,4.99
11/5/21 16:00,4.99
11/5/21 16:15,4.99
11/5/21 16:30,4.99
11/5/21 16:45,4.91
11/5/21 17:00,4.91
11/5/21 17:15,4.91
11/5/21 17:30,4.9
11/5/21 17:45,4.9
11/5/21 18:00,4.9
11/5/21 18:15,4.9
11/5/21 18:30,4.82
11/5/21 18:45,4.82
11/5/21 19:00,4.82
11/5/21 19:15,4.82
11/5/21 19:30,4.74
11/5/21 19:45,4.74
11/5/21 20:00,4.74
11/5/21 20:15,4.74
11/5/21 20:30,4.74
11/5/21 20:45,4.74
11/5/21 21:00,4.74
11/5/21 21:15,4.66
11/5/21 21:30,4.74
11/5/21 21:45,4.74
11/5/21 22:00,4.66
11/5/21 22:15,4.66
11/5/21 22:30,4.66
11/5/21 22:45,4.66
11/5/21 23:00,4.66
11/5/21 23:15,4.66
11/5/21 23:30,4.66
11/5/21 23:45,4.66
11/6/21 0:00,4.66
11/6/21 0:15,4.66
11/6/21 0:30,4.65
11/6/21 0:45,4.57
11/6/21 1:00,4.65
11/6/21 1:15,4.57
11/6/21 1:30,4.57
11/6/21 1:45,4.57
11/6/21 2:00,4.57
11/6/21 2:15,4.57
11/6/21 2:30,4.57
11/6/21 2:45,4.57
11/6/21 3:00,4.49
11/6/21 3:15,4.49
11/6/21 3:30,4.49
11/6/21 3:45,4.49
11/6/21 4:00,4.49
11/6/21 4:15,4.49
11/6/21 4:30,4.49
11/6/21 4:45,4.49
11/6/21 5:00,4.49
11/6/21 5:15,4.41
11/6/21 5:30,4.41
11/6/21 5:45,4.41
11/6/21 6:00,4.41
11/6/21 6:15,4.41
11/6/21 6:30,4.4
11/6/21 6:45,4.4
11/6/21 7:00,4.4
11/6/21 7:15,4.4
11/6/21 7:30,4.4
11/6/21 7:45,4.4
11/6/21 8:00,4.4
11/6/21 8:15,4.4
11/6/21 8:30,4.4
11/6/21 8:45,4.4
11/6/21 9:00,4.4
11/6/21 12:15,4.48
11/6/21 12:30,4.48
11/6/21 12:45,4.48
11/6/21 13:00,4.56
11/6/21 13:15,4.48
11/6/21 13:30,4.48
11/6/21 13:45,4.4
11/6/21 14:00,4.4
11/6/21 14:15,4.4
11/6/21 14:30,4.4
11/7/21 5:45,4.08
11/7/21 6:00,4.08
11/7/21 6:15,4.08
11/7/21 6:30,4.08
11/7/21 6:45,4.08
11/7/21 7:00,4.08
11/7/21 7:15,4
11/7/21 7:30,4
11/7/21 8:00,4
11/7/21 8:15,4
11/7/21 8:30,4
11/7/21 8:45,4
11/7/21 9:00,4
11/7/21 9:15,4
11/7/21 9:30,4
11/7/21 9:45,4
11/7/21 10:00,4
11/7/21 10:15,4
11/7/21 10:30,4
11/7/21 10:45,4
11/7/21 11:00,3.92
11/7/21 11:15,3.92
11/7/21 11:30,3.93
11/7/21 11:45,3.93
11/7/21 12:00,3.93
11/7/21 12:15,3.93
11/7/21 12:30,3.93
11/7/21 12:45,3.93
11/7/21 13:00,3.85
11/7/21 13:15,3.85
11/7/21 13:30,3.85
11/7/21 13:45,3.85
11/7/21 14:00,3.85
11/7/21 14:15,3.77
11/7/21 14:30,3.77
11/7/21 14:45,3.77
11/7/21 15:00,3.77
11/7/21 15:15,3.77
11/7/21 15:30,3.77
11/7/21 15:45,3.77
11/7/21 16:00,3.77
11/7/21 16:15,3.69
11/7/21 16:30,3.69
11/7/21 16:45,3.77
11/7/21 17:00,3.69
11/7/21 17:15,3.77
11/7/21 17:30,3.69
11/7/21 17:45,3.77
11/7/21 18:00,3.69
11/7/21 18:15,3.77
11/7/21 18:30,3.77
11/7/21 18:45,3.69
11/7/21 19:00,3.68
11/7/21 19:15,3.68
11/7/21 19:30,3.68
11/7/21 19:45,3.68
11/26/21 15:30,0.8
11/26/21 15:45,0.8
11/26/21 16:00,0.8
11/26/21 16:15,0.8
11/26/21 16:30,0.8
11/26/21 16:45,0.8
11/26/21 17:00,0.8
11/26/21 17:15,0.8
11/26/21 17:30,0.8
11/26/21 17:45,0.8
11/26/21 18:00,0.8
11/26/21 18:15,0.8
11/26/21 18:30,0.8
11/26/21 18:45,0.8
11/26/21 19:00,0.8
11/26/21 19:15,0.8
11/26/21 19:30,0.8
11/26/21 19:45,0.8
11/26/21 20:00,0.8
11/26/21 20:15,0.8
11/26/21 20:30,0.8
11/26/21 20:45,0.8
11/26/21 21:00,0.8
11/26/21 21:15,0.8
11/26/21 21:30,0.8
11/26/21 21:45,0.8
11/26/21 22:00,0.8
11/26/21 22:15,0.8
11/26/21 22:30,0.8
11/26/21 22:45,0.8
11/26/21 23:00,0.8
11/26/21 23:15,0.8
11/26/21 23:30,0.8
11/26/21 23:45,0.8
11/27/21 0:00,0.8
11/27/21 0:15,0.8
11/27/21 0:30,0.8
11/27/21 0:45,0.8
11/27/21 1:00,0.8
11/27/21 1:15,0.8
11/27/21 1:30,0.8
11/27/21 1:45,0.8
11/27/21 2:00,0.8
11/27/21 2:15,0.8
11/27/21 2:30,0.8
11/27/21 2:45,0.8
11/27/21 3:00,0.8
11/27/21 3:15,0.8
11/27/21 3:30,0.8
11/27/21 3:45,0.8
11/27/21 4:00,0.8
11/27/21 4:15,0.8
11/27/21 4:30,0.8
11/27/21 4:45,0.8
11/27/21 5:00,0.8
11/27/21 5:15,0.8
11/27/21 5:30,0.8
11/27/21 5:45,0.8
11/27/21 6:00,0.8
11/27/21 6:15,0.8
11/27/21 6:30,0.8
11/27/21 6:45,0.88
11/27/21 7:00,0.8
11/27/21 7:15,0.8
11/27/21 7:30,0.8
11/27/21 7:45,0.8
11/27/21 8:00,0.88
11/27/21 8:15,0.88
11/27/21 8:30,0.8
11/27/21 8:45,0.8
11/27/21 9:00,0.8
11/27/21 9:15,0.8
11/27/21 9:30,0.88
11/27/21 9:45,0.88
11/27/21 10:00,0.88
11/27/21 10:15,0.88
11/27/21 10:30,0.8
11/27/21 10:45,0.8
11/27/21 11:00,0.88
11/27/21 11:15,0.88
11/27/21 11:30,0.88
11/27/21 11:45,0.88
11/27/21 12:00,0.8
11/27/21 12:15,0.88
11/27/21 12:30,0.88
11/27/21 12:45,0.88
11/27/21 13:00,0.88
11/27/21 13:15,0.88
11/27/21 13:30,0.88
11/27/21 13:45,0.88
11/27/21 14:00,0.88
11/27/21 14:15,0.88
11/27/21 14:30,0.88
11/27/21 14:45,0.88
11/27/21 15:00,0.88
11/27/21 15:15,0.88
11/27/21 15:30,0.88
11/27/21 15:45,0.88
11/27/21 16:00,0.88
11/27/21 16:15,0.88
11/27/21 16:30,0.88
11/27/21 16:45,0.88
11/27/21 17:00,0.88
11/27/21 17:15,0.88
11/27/21 17:30,0.88
11/27/21 17:45,0.88
11/27/21 18:00,0.88
11/27/21 18:15,0.88
11/27/21 18:30,0.88
11/27/21 18:45,0.96
11/27/21 19:00,0.88
11/27/21 19:15,0.88
11/27/21 19:30,0.88
11/27/21 19:45,0.96
11/27/21 20:00,0.96
11/27/21 20:15,0.96
11/27/21 20:30,0.96
11/27/21 20:45,0.96
11/27/21 21:00,0.96
11/27/21 21:15,0.96
11/27/21 21:30,0.96
11/27/21 21:45,0.96
11/27/21 22:00,0.96
11/27/21 22:15,0.96
11/27/21 22:30,0.96
11/27/21 22:45,0.96
11/27/21 23:00,0.96
11/27/21 23:15,0.96
11/27/21 23:30,0.96
11/27/21 23:45,0.96
11/29/21 2:45,1.2
11/29/21 3:00,1.2
11/29/21 3:15,1.2
11/29/21 3:30,1.2
11/29/21 3:45,1.2
11/29/21 4:00,1.2
11/29/21 4:15,1.2
11/29/21 4:30,1.2
11/29/21 4:45,1.2
11/29/21 5:00,1.2
11/29/21 5:15,1.2
11/29/21 5:30,1.2
11/29/21 5:45,1.2
11/29/21 6:00,1.2
11/29/21 6:15,1.2
11/29/21 6:30,1.2
11/29/21 6:45,1.2
11/29/21 7:00,1.2
11/29/21 7:15,1.28
11/29/21 7:30,1.28
11/29/21 7:45,1.2
11/29/21 8:00,1.2
11/29/21 8:15,1.2
11/29/21 8:30,1.2
11/29/21 8:45,1.28
11/29/21 9:00,1.28
11/29/21 9:15,1.28
11/29/21 9:30,1.28
11/29/21 9:45,1.28
11/29/21 10:00,1.28
11/29/21 10:15,1.28
11/29/21 10:30,1.28
11/29/21 10:45,1.28
11/29/21 11:00,1.28
12/2/21 12:15,1.68
12/2/21 12:30,1.6
12/2/21 12:45,1.68
12/2/21 13:00,1.6
12/3/21 12:00,1.68
12/3/21 12:15,1.68
12/3/21 12:30,1.68
12/3/21 12:45,1.68
12/3/21 13:00,1.68
12/4/21 12:45,1.76
12/4/21 13:00,1.76
12/4/21 13:30,1.68
12/4/21 13:45,1.68
12/4/21 14:00,1.68